"id","user","userID","game","gameIndex","timestamp","isodate","achieved","total","percent","common","mangled","passphrase","random","predictable","overallTendency","overallRatings","overallScores","overallGuessesLog10","overallGuesses","commonTendency","commonRatings","commonScores","commonGuessesLog10","commonGuesses","mangledTendency","mangledRatings","mangledScores","mangledGuessesLog10","mangledGuesses","passphraseTendency","passphraseRatings","passphraseScores","passphraseGuessesLog10","passphraseGuesses","randomTendency","randomRatings","randomScores","randomGuessesLog10","randomGuesses","predictableTendency","predictableRatings","predictableScores","predictableGuessesLog10","predictableGuesses"
"0","04REnyajQ1UpNs6nnNXPhPxlYdK2","1","-KYFZB7NInUeS326RpJH","1","1480967897254","2016-12-05","1925","3100","63","8","8","11","4","0","-1.00000","1.96774","2.96774","6.5474723937127","1440744147.8387","-0.25","1.625","1.875","3.9978581965223428","12994","0.25","2.375","2.125","4.646592531602582","307293.625","-2.6363636363636362","1.3636363636363635","4","8.528730761810923","423682388.90909094","-0.5","3.5","4","10.000000000043428","10000000001","NaN","NaN","NaN","NaN","NaN"
"1","04REnyajQ1UpNs6nnNXPhPxlYdK2","1","-KYFZPwLjPIMVa6CLMJe","2","1480967910342","2016-12-05","250","300","84","1","1","0","1","0","-0.66667","2.00000","2.66667","6.2726659633120","3333350534.6667","-1","1","2","4.361009712608142","22962","0","2","2","4.456988177284565","28641","NaN","NaN","NaN","NaN","NaN","-1","3","4","10.000000000043428","10000000001","NaN","NaN","NaN","NaN","NaN"
"2","04REnyajQ1UpNs6nnNXPhPxlYdK2","1","-KYFZiu_df88yWUvHxVO","3","1480968038380","2016-12-05","1150","1800","64","3","5","7","3","0","-1.00000","2.00000","3.00000","6.8934543957125","1384141390.6111","1","2.6666666666666665","1.6666666666666667","3.409395770859826","9590.666666666666","-0.2","1.8","2","4.921803490979438","111718.6","-2.2857142857142856","1.5714285714285714","3.857142857142857","8.606424287476928","559135380.5714285","-1.3333333333333333","2.6666666666666665","4","9.666668114336654","7000003334","NaN","NaN","NaN","NaN","NaN"
"6","0uKu07pstJZdQAQACYKEZKwl4kd2","5","-KYExfrtVM-RNforRAKQ","1","1480957802588","2016-12-05","2750","3500","79","12","9","7","7","0","-0.11429","2.68571","2.80000","6.2676271982984","2094701757.4286","0.08333333333333333","2.0833333333333335","2","4.011313163804651","12989.416666666666","0.7777777777777778","2.7777777777777777","2","4.538463922024456","53616.666666666664","-1.1428571428571428","2.857142857142857","4","8.62643123946613","473417582.85714287","-0.5714285714285714","3.4285714285714284","4","10.000000000043428","10000000001","NaN","NaN","NaN","NaN","NaN"
"7","0uKu07pstJZdQAQACYKEZKwl4kd2","5","-KYF1HgA5voqFYCO_Zio","2","1480959010475","2016-12-05","2125","2800","76","7","3","9","9","0","-0.82143","2.32143","3.14286","7.4048480333073","3317611147.2857","0","2","2","4.117556810165834","14457.142857142857","0.6666666666666666","2.6666666666666665","2","4.780816496541603","94393","-1.4444444444444444","2.111111111111111","3.5555555555555554","8.24115530793642","321414192.8888889","-1.3333333333333333","2.6666666666666665","4","10.000000000043428","10000000001","NaN","NaN","NaN","NaN","NaN"
"8","0uKu07pstJZdQAQACYKEZKwl4kd2","5","-KYF1XkgMA8hMuF0165l","3","1480959075686","2016-12-05","3075","3700","84","8","8","12","9","0","-0.02703","3.02703","3.05405","7.0592940575563","2589283523.5946","0.125","2.125","2","3.9843835611644947","12688.875","1.25","3.25","2","4.73398151716127","121693.375","-0.8333333333333334","2.9166666666666665","3.75","8.453913291882104","483534608.8333333","-0.2222222222222222","3.7777777777777777","4","10.000000000043428","10000000001","NaN","NaN","NaN","NaN","NaN"
"9","0uKu07pstJZdQAQACYKEZKwl4kd2","5","-KYF1mD_rWJRSznzISY5","4","1480959138809","2016-12-05","3150","3900","81","13","9","10","7","0","-0.30769","2.41026","2.71795","6.1747347313556","1828220840.6154","-0.15384615384615385","1.7692307692307692","1.9230769230769231","3.7687213281714267","12044.461538461539","0.3333333333333333","2.2222222222222223","1.8888888888888888","4.3981263526149155","49447.333333333336","-0.7","2.9","3.6","8.23405129915557","340001117.4","-0.8571428571428571","3.142857142857143","4","9.985375298793002","9700000000.857143","NaN","NaN","NaN","NaN","NaN"
"11","1OjmvT2ih6draa2YOyZwuI4ZDRg2","7","-KbZbrqYK3cc2nq7qBGt","1","1485599374563","2017-01-28","2375","2700","88","5","3","9","10","0","-0.40741","3.00000","3.40741","7.7979431867597","3646376802.7407","0","2","2","4.101985674225777","15961.2","-0.3333333333333333","1.6666666666666667","2","4.4645151914051935","65455.666666666664","0","4","4","8.564299782497008","533543054.6666667","-1","3","4","9.95622940546936","9365001000.9","NaN","NaN","NaN","NaN","NaN"
"12","1OjmvT2ih6draa2YOyZwuI4ZDRg2","7","-KbZxOy32YvRJbpn1gAR","2","1485605017015","2017-01-28","1025","1200","86","1","6","3","2","0","-0.41667","2.58333","3.00000","6.9439418929158","1916845069.4167","-1","1","2","4.420945405921971","26360","-0.5","2","2.5","5.508249869722108","105049465.5","0.3333333333333333","4","3.6666666666666665","8.618952696882692","790605892.6666666","-1","3","4","10.000000000043428","10000000001","NaN","NaN","NaN","NaN","NaN"
"13","1OjmvT2ih6draa2YOyZwuI4ZDRg2","7","-KbZxkGT-OV4HJ4fS9IZ","3","1485605097494","2017-01-28","925","1100","85","2","5","1","3","0","-0.27273","2.36364","2.63636","6.3180462499682","2727797434.7273","-1","1","2","3.9546078002257796","11084","0","2","2","4.976812335109338","135400.2","-1","2","3","6.705231473522048","5072610","0","4","4","10.000000000043428","10000000001","NaN","NaN","NaN","NaN","NaN"
"14","1OjmvT2ih6draa2YOyZwuI4ZDRg2","7","-KbZy6iddLDL-VC-yNMU","4","1485605188331","2017-01-28","975","1100","89","5","5","0","1","0","-0.27273","1.90909","2.18182","4.5192146074714","909103828.7273","-0.6","1.4","2","4.064340244327631","16767.6","0","2","2","3.877931892100713","11655.4","NaN","NaN","NaN","NaN","NaN","0","4","4","10.000000000043428","10000000001","NaN","NaN","NaN","NaN","NaN"
"15","1OjmvT2ih6draa2YOyZwuI4ZDRg2","7","-KbZyQ8Jq58aEdwjTfbr","5","1485605271670","2017-01-28","825","1000","83","2","4","1","3","0","0.50000","3.10000","2.60000","6.2389599357013","3009481576.3000","1","2.5","1.5","3.6237077205006343","13527","0.75","2.75","2","4.291657239959386","65476.5","1","4","3","7.9755549560438235","94526800","-0.3333333333333333","3.6666666666666665","4","10.000000000043428","10000000001","NaN","NaN","NaN","NaN","NaN"
"16","1OjmvT2ih6draa2YOyZwuI4ZDRg2","7","-KbbD87mQciozfgeLfX-","6","1485642938186","2017-01-28","650","800","82","1","4","1","2","0","0.25000","2.87500","2.62500","6.0218380630830","2501128089.8750","2","4","2","4.311584347204303","20492","0","2","2","4.228421802843533","25836.25","1","4","3","6.949432945998965","8900880","-0.5","3.5","4","10.000000000043428","10000000001","NaN","NaN","NaN","NaN","NaN"
"17","1OjmvT2ih6draa2YOyZwuI4ZDRg2","7","-KbbDSgcE8xQ0yb9N_9F","7","1485643034612","2017-01-28","1075","1200","90","1","4","3","4","0","-0.08333","2.91667","3.00000","7.0275529729043","2730801231.0000","0","2","2","4.466155564752209","29252","-0.25","1.75","2","4.395591581072221","33092.75","0.6666666666666666","4","3.3333333333333335","7.62237958911627","56481048.666666664","-0.5","3.5","4","9.85374375461532","8150002500.75","NaN","NaN","NaN","NaN","NaN"
"18","1OjmvT2ih6draa2YOyZwuI4ZDRg2","7","-KbbDodwxPGgZ1EHoYmh","8","1485643120080","2017-01-28","975","1000","98","2","3","3","2","0","-0.10000","2.80000","2.90000","6.6884903816131","1707832691.4000","0","1.5","1.5","3.457690629943503","10693","-0.3333333333333333","1.6666666666666667","2","4.539356837782428","49509.666666666664","0","4","4","8.909400572807252","959382332.6666666","0","4","4","9.811625162237288","7100005000.5","NaN","NaN","NaN","NaN","NaN"
"19","1OjmvT2ih6draa2YOyZwuI4ZDRg2","7","-Kbjh31tNhF3gWS83Bhd","9","1485785274456","2017-01-30","1350","1500","90","2","4","5","4","0","-0.26667","2.80000","3.06667","7.0559478635250","2767001504.6667","-0.5","1.5","2","4.278982045360326","19305","-0.25","1.5","1.75","3.968125203477036","44252.5","0.2","4","3.8","8.281750609614544","300961389.2","-0.75","3.25","4","10.000000000043428","10000000001","NaN","NaN","NaN","NaN","NaN"
"20","1OjmvT2ih6draa2YOyZwuI4ZDRg2","7","-KfLzjy3_O6Qn5zs965y","10","1489665688417","2017-03-16","725","900","81","0","2","5","2","0","0.55556","3.88889","3.33333","7.8079183041345","2407232916.4444","NaN","NaN","NaN","NaN","NaN","0","2","2","4.789824147491592","62812","0.8","4.4","3.6","8.138323288428115","332994124.4","0.5","4.5","4","10.000000000043428","10000000001","NaN","NaN","NaN","NaN","NaN"
"21","1OjmvT2ih6draa2YOyZwuI4ZDRg2","7","-KfM-5154MXFe-29aAgS","11","1489665791540","2017-03-16","900","1000","90","5","0","3","2","0","-0.20000","2.70000","2.90000","6.3439647879439","2098058158.6000","-0.6","1.4","2","3.994152993369626","10552","NaN","NaN","NaN","NaN","NaN","0.3333333333333333","4","3.6666666666666665","7.822960970834633","326842941.3333333","0","4","4","10.000000000043428","10000000001","NaN","NaN","NaN","NaN","NaN"
"25","34W85Aa4pkcOEoOOftbEUVRLR8H3","10","-K_20Mg-0PWP8yYeRFpo","1","1482888143594","2016-12-28","725","900","81","0","4","1","4","0","-0.33333","2.88889","3.22222","8.0265598740445","4530488422.7778","NaN","NaN","NaN","NaN","NaN","-0.5","1.75","2.25","5.845217340628308","13251705.25","-1","3","4","8.85816950371322","721388980","0","4","4","10.000000000043428","10000000001","NaN","NaN","NaN","NaN","NaN"
"26","34W85Aa4pkcOEoOOftbEUVRLR8H3","10","-K_20hKLLqpinPaLm0kK","2","1482888235021","2016-12-28","1875","2200","86","5","7","4","6","0","0.13636","3.04545","2.90909","6.8739095916763","2669420600.7727","-0.4","1.6","2","4.215306469567927","18175.4","0.2857142857142857","2.2857142857142856","2","5.024233270812585","202335.57142857142","-0.25","3.75","4","8.802987039278793","716436496.5","0.6666666666666666","4.666666666666667","4","9.961316269372539","9310000000.833334","NaN","NaN","NaN","NaN","NaN"
"27","34W85Aa4pkcOEoOOftbEUVRLR8H3","10","-K_2127iH9jXgW3dUcGL","3","1482888323140","2016-12-28","2250","2800","81","8","9","6","5","0","-0.71429","2.07143","2.78571","6.4651919900499","1851440101.5000","-0.625","1.375","2","4.181678057877802","16323.625","-0.5555555555555556","1.5555555555555556","2.111111111111111","5.269066903923748","11220517.111111112","-1.3333333333333333","2.5","3.8333333333333335","8.358391520473921","289867932.3333333","-0.4","3.6","4","10.000000000043428","10000000001","NaN","NaN","NaN","NaN","NaN"
"37","75mZOzels9UwhQKpxf04iyg6mAE2","19","-KYFBU4bXurPlWRP8TGA","1","1480961683594","2016-12-05","2175","2600","84","3","8","6","9","0","0.11538","3.11538","3.00000","7.1551661368333","3520579104.3846","0","2","2","4.381741064312851","24731.666666666668","0","2","2","4.675683213970981","83777","1.1666666666666667","4.5","3.3333333333333335","7.580605108761218","255718715.66666666","-0.4444444444444444","3.5555555555555554","4","10.000000000043428","10000000001","NaN","NaN","NaN","NaN","NaN"
"38","75mZOzels9UwhQKpxf04iyg6mAE2","19","-KYFBrNQXS8dFJ0YvQW1","2","1480961774303","2016-12-05","875","1000","88","4","1","1","4","0","0.10000","3.00000","2.90000","6.7125298340978","4002096127.5000","-0.5","1.5","2","3.5700026407498404","6009.75","1","3","2","5.5314789170422545","340000","0","3","3","7.313808860762482","20597232","0.5","4.5","4","10.000000000043428","10000000001","NaN","NaN","NaN","NaN","NaN"
"39","75mZOzels9UwhQKpxf04iyg6mAE2","19","-KYFCDFzBE4vfW8zy-GG","3","1480961864414","2016-12-05","900","1000","90","3","1","3","3","0","0.00000","3.20000","3.20000","7.0737889261236","3055563950.6000","0","2","2","4.110736091789718","14203.333333333334","1","3","2","3.6363875858131562","4329","0","4","4","8.256431133307638","185197521.33333334","-0.3333333333333333","3.6666666666666665","4","10.000000000043428","10000000001","NaN","NaN","NaN","NaN","NaN"
"40","75mZOzels9UwhQKpxf04iyg6mAE2","19","-KYFCf1Pas-v0sVPBLv4","4","1480961986539","2016-12-05","875","1000","88","5","3","0","2","0","0.10000","2.50000","2.40000","5.4964336605793","2000032113.6000","0.2","2.2","2","4.179647281773555","15451.8","0.6666666666666666","2.6666666666666665","2","4.688700065612722","81291.66666666667","NaN","NaN","NaN","NaN","NaN","-1","3","4","10.000000000043428","10000000001","NaN","NaN","NaN","NaN","NaN"
"41","75mZOzels9UwhQKpxf04iyg6mAE2","19","-KYGVEmAnzTA99K9mziq","5","1480983618979","2016-12-06","800","1000","80","2","5","2","1","0","0.80000","3.40000","2.60000","6.1907305891375","1158897297.0000","1.5","3.5","2","4.384102182808183","24585.5","1","3","2","5.071063784235738","159653.6","0","4","4","8.891891302268139","794062765","0","4","4","10.000000000043428","10000000001","NaN","NaN","NaN","NaN","NaN"
"42","75mZOzels9UwhQKpxf04iyg6mAE2","19","-KYGVc_kB7p8C2qGlRGj","6","1480983713891","2016-12-06","825","900","92","3","0","5","1","0","-0.33333","2.77778","3.11111","6.9932495430231","1290454875.3333","0","2","2","4.092163966894284","18354.333333333332","NaN","NaN","NaN","NaN","NaN","-0.4","3.2","3.6","8.132550797296298","322807762.8","-1","3","4","10.000000000043428","10000000001","NaN","NaN","NaN","NaN","NaN"
"43","75mZOzels9UwhQKpxf04iyg6mAE2","19","-KYGVvqHiCx2krh2yH-z","7","1480983803095","2016-12-06","925","1000","93","3","4","1","2","0","0.10000","2.70000","2.60000","6.0488792189314","2053627293.1000","0.6666666666666666","2.6666666666666665","2","4.069807027567505","16570.666666666668","0","2","2","4.887581065000618","92190.25","-1","3","4","8.729046846522204","535854456","0","4","4","10.000000000043428","10000000001","NaN","NaN","NaN","NaN","NaN"
"44","75mZOzels9UwhQKpxf04iyg6mAE2","19","-KYGWGh3yMnI6j2ngzjP","8","1480983899212","2016-12-06","1000","1100","91","3","2","4","2","0","0.00000","3.00000","3.00000","6.8841918468868","1962808286.1818","0","2","2","4.127406995072274","17790","1","3","2","5.097488841241351","170768","-0.25","3.5","3.75","8.28722791199214","397624060","-0.5","3.5","4","10.000000000043428","10000000001","NaN","NaN","NaN","NaN","NaN"
"45","75mZOzels9UwhQKpxf04iyg6mAE2","19","-KaXMtX8ZaqCAPARFaNc","9","1484487875802","2017-01-15","950","1100","87","3","1","2","5","0","-0.36364","2.81818","3.18182","7.4833174227074","4582902195.8182","-0.3333333333333333","1.6666666666666667","2","3.77605890494695","6097.333333333333","1","3","2","4.701196560612873","50257","-0.5","3","3.5","8.143559187055175","205927800","-0.6","3.4","4","10.000000000043428","10000000001","NaN","NaN","NaN","NaN","NaN"
"50","9bmMG1xbbQMuckZ92Da5E1CexLD3","24","-KYFUXBj3CPEu6AY3BdE","1","1480966677182","2016-12-05","2925","3800","77","9","10","15","4","0","0.81579","3.76316","2.94737","6.5796638951790","827577173.3421","0.3333333333333333","2.2222222222222223","1.8888888888888888","3.900897081529301","13257.555555555555","1.4","3.4","2","4.7384608483100905","95935.9","0.6666666666666666","4.6","3.933333333333333","8.62695214840635","569669593.8666667","1","5","4","9.532565893460934","5725452500.5","NaN","NaN","NaN","NaN","NaN"
"51","9bmMG1xbbQMuckZ92Da5E1CexLD3","24","-KYFokud39sCIKRrc4S7","2","1480972239757","2016-12-05","2425","2700","90","7","5","4","11","0","0.40741","3.40741","3.00000","7.1586615554819","3902591553.1852","0.14285714285714285","2","1.8571428571428572","4.0138647329933255","14422.857142857143","0.2","2.2","2","4.819359831407725","170530.8","0.5","4","3.5","7.852645453242929","147254578","0.6363636363636364","4.636363636363637","4","9.970857081549672","9525454546.363636","NaN","NaN","NaN","NaN","NaN"
"52","9bmMG1xbbQMuckZ92Da5E1CexLD3","24","-KYFp0RtVtn7O3C_UedB","3","1480972308447","2016-12-05","3425","3800","91","7","6","12","13","0","0.28947","3.57895","3.28947","7.6587566026817","3395813883.5526","0","2","2","4.097888337797302","14955.714285714286","0","2.1666666666666665","2.1666666666666665","5.201996842704803","16723821.166666666","0.16666666666666666","4","3.8333333333333335","8.481404615083308","554706662.1666666","0.6923076923076923","4.6923076923076925","4","9.950668930776535","9406461539.384615","NaN","NaN","NaN","NaN","NaN"
"74","EoCwFnVjn3QRuvVE8WQHxYiWqQx2","41","-KZYb1o06lg44JbBNgmo","1","1482361151482","2016-12-21","1200","1800","67","4","5","4","5","0","-0.44444","2.50000","2.94444","6.9220235651361","2246787773.9444","0","2","2","4.150748848059817","17077.5","0.8","2.8","2","4.9852506622348205","157778","-2.75","1","3.75","8.474096469614826","640330682","-0.2","3.8","4","9.834157918115334","7576000000.6","NaN","NaN","NaN","NaN","NaN"
"75","EoCwFnVjn3QRuvVE8WQHxYiWqQx2","41","-KZYbQMRf-Gy9hiMYMOK","2","1482361253111","2016-12-21","2275","2600","88","7","6","7","6","0","0.11538","3.07692","2.96154","6.6696905788188","2401450272.9615","0.42857142857142855","2.4285714285714284","2","4.080062303217086","16210.714285714286","0.8333333333333334","3","2.1666666666666665","4.74181007621099","366250.6666666667","-0.7142857142857143","3","3.7142857142857144","8.057236924177483","347913730.28571427","0","4","4","10.000000000043428","10000000001","NaN","NaN","NaN","NaN","NaN"
"95","JSgjgFbIh8eC9qwTnZLxxGGKNRR2","61","-KYFXRAyVZHJGou7_dk4","1","1480967438919","2016-12-05","1200","1600","75","3","5","4","4","0","-0.75000","2.00000","2.75000","6.4948882985967","2116745846.2500","-1","1","2","4.016835938397393","14036.333333333334","-0.2","1.8","2","4.818257500870663","123558.8","-0.75","2.25","3","7.06123463520716","116818408.5","-1.25","2.75","4","9.882869729293134","8350000000.75","NaN","NaN","NaN","NaN","NaN"
"96","JSgjgFbIh8eC9qwTnZLxxGGKNRR2","61","-KYFXgsLd-4oPf91hYuR","2","1480967507451","2016-12-05","1650","2700","62","6","4","12","5","0","-1.11111","1.96296","3.07407","7.0121739537462","1969238349.4074","-0.16666666666666666","1.6666666666666667","1.8333333333333333","3.8961105641436427","13887.5","1","3","2","5.007643464865476","169182","-2.3333333333333335","1.3333333333333333","3.6666666666666665","7.993454958883764","264056281.33333334","-1","3","4","10.000000000043428","10000000001","NaN","NaN","NaN","NaN","NaN"
"97","JSgjgFbIh8eC9qwTnZLxxGGKNRR2","61","-KYFXvz6m1q9hUQxg8ui","3","1480967568562","2016-12-05","2075","3100","67","10","6","7","8","0","-1.12903","1.83871","2.96774","6.7362055718724","2695455431.9032","-0.4","1.6","2","3.978798360409384","11599.2","0.16666666666666666","2.1666666666666665","2","4.808204576831399","82294.5","-2.857142857142857","1.1428571428571428","4","8.597880237516529","508358374.5714286","-1.5","2.5","4","10.000000000043428","10000000001","NaN","NaN","NaN","NaN","NaN"
"98","JSgjgFbIh8eC9qwTnZLxxGGKNRR2","61","-KYFY1RuistA9p0TO-gk","4","1480967596056","2016-12-05","2875","4000","72","9","12","10","9","0","-0.62500","2.30000","2.92500","6.7685588509661","1958713017.2000","0.4444444444444444","2.4444444444444446","2","4.179478415531361","16294.111111111111","0.16666666666666666","2.25","2.0833333333333335","5.074895255875962","986813.6666666666","-1.8","2","3.8","8.384428612883752","522452227","-1.4444444444444444","2.5555555555555554","4","9.820446566612299","8123556667.444445","NaN","NaN","NaN","NaN","NaN"
"100","JmLm1DzJKiWCnLD0ZPptS5uHrRC2","63","-KYFBOXOf_x3xSuORcr3","1","1480961658453","2016-12-05","775","900","87","3","4","1","1","0","-0.11111","2.33333","2.44444","5.5412838101060","1158450306.7778","0","2","2","4.108964725650264","14040.666666666666","0.25","2.25","2","4.728895448953988","83867","-1","3","4","8.629078318144048","425675170","-1","3","4","10.000000000043428","10000000001","NaN","NaN","NaN","NaN","NaN"
"101","JmLm1DzJKiWCnLD0ZPptS5uHrRC2","63","-KYFBmdTZfl6T5DnKkap","2","1480961763202","2016-12-05","1575","1800","88","5","4","5","4","0","-0.27778","2.61111","2.88889","6.6795336980588","2325316957.1111","-0.4","1.4","1.8","3.687348556093474","12357.6","0.25","2.5","2.25","4.94653565243912","2523482.5","-0.8","2.8","3.6","8.40174423493203","369109901.2","0","4","4","10.000000000043428","10000000001","NaN","NaN","NaN","NaN","NaN"
"102","JmLm1DzJKiWCnLD0ZPptS5uHrRC2","63","-KYFCX-F93fbWdU09Tc2","3","1480961956171","2016-12-05","1500","1700","89","2","4","5","6","0","0.00000","3.11765","3.11765","7.3636881854853","2796133090.4706","0.5","2","1.5","3.0633463356620094","2123","0.75","2.75","2","4.5918574625982105","55674","-0.6","3","3.6","8.365451466035765","418007118.4","-0.16666666666666666","3.8333333333333335","4","9.810219883559006","7574000000.666667","NaN","NaN","NaN","NaN","NaN"
"103","JmLm1DzJKiWCnLD0ZPptS5uHrRC2","63","-KYI9cHNh13pvpzmrjVr","4","1481011528403","2016-12-06","1450","1700","86","5","4","3","5","0","-0.35294","2.58824","2.94118","6.6979008250727","3068629451.7059","-0.2","1.8","2","3.920389813836328","11457","0.25","2.25","2","4.5137326689956","65824.25","-2","2","4","8.735811426951711","722126697.3333334","0","4","4","10.000000000043428","10000000001","NaN","NaN","NaN","NaN","NaN"
"104","JmLm1DzJKiWCnLD0ZPptS5uHrRC2","63","-KYIAYL4NvkBPBIFv2SS","5","1481011770141","2016-12-06","2800","3100","91","9","8","4","10","0","0.25806","3.16129","2.90323","6.7430479242459","3291931535.2258","0.2222222222222222","2.2222222222222223","2","4.229446448474887","19584","1","3","2","4.551380744873708","72156","0","4","4","8.639605413981482","512281019.5","-0.2","3.8","4","10.000000000043428","10000000001","NaN","NaN","NaN","NaN","NaN"
"105","JmLm1DzJKiWCnLD0ZPptS5uHrRC2","63","-KYIAiEa598N6j_d6259","6","1481011815230","2016-12-06","3100","4000","78","11","10","10","9","0","0.05000","2.95000","2.90000","6.6189034257145","2358122609.7250","0.7272727272727273","2.727272727272727","2","4.129788005518953","15831","0.9","2.9","2","4.467526519518581","58868.7","-0.6","3.2","3.8","8.465320377229485","432414155.2","-1","3","4","10.000000000043428","10000000001","NaN","NaN","NaN","NaN","NaN"
"109","KnGI5DUu4BTUT78MzBvnl4HSAjs1","67","-KkLtQ3nbnCxFfG9AFMu","1","1495032771287","2017-05-17","2075","4000","52","9","8","12","11","0","-1.92500","1.12500","3.05000","7.1444888810128","2885928390.5750","-1","1","2","4.088970023798675","14756.555555555555","-0.625","1.375","2","4.882344821826434","203639.375","-2.6666666666666665","1","3.6666666666666665","8.326672204269611","452947807.3333333","-2.8181818181818183","1.1818181818181819","4","10.000000000043428","10000000001","NaN","NaN","NaN","NaN","NaN"
"110","KnGI5DUu4BTUT78MzBvnl4HSAjs1","67","-KkLtbFDMVN4lISe7Krq","2","1495032821172","2017-05-17","2175","4000","55","8","10","9","13","0","-1.82500","1.22500","3.05000","7.1729411420544","2930274352.9500","-0.875","1","1.875","3.7925363371945067","10088.375","-1.1","1.2","2.3","5.405854776661448","100294199.9","-2.4444444444444446","1.1111111111111112","3.5555555555555554","8.200145520082911","211993489.1111111","-2.5384615384615383","1.4615384615384615","4","9.901345964404706","8792308462.307692","NaN","NaN","NaN","NaN","NaN"
"112","L6MGwaC6coWmkKwOQ0VwmroJjra2","69","-KbZbVtjKTgrzYAKN4CM","1","1485599273858","2017-01-28","1075","1500","72","4","4","4","3","0","-0.73333","2.06667","2.80000","6.4954647888450","2109888346.8000","-0.75","1.25","2","3.8800563087792597","9190","0.5","2.5","2","4.697044680581229","64860.75","-1.5","2","3.5","8.280891968775785","412007249","-1.3333333333333333","2.6666666666666665","4","10.000000000043428","10000000001","NaN","NaN","NaN","NaN","NaN"
"113","L6MGwaC6coWmkKwOQ0VwmroJjra2","69","-Kb_YqUViUoNWZB5L9tN","2","1485615092875","2017-01-28","2525","3300","77","8","11","7","7","0","-0.63636","2.12121","2.75758","6.4024984753270","2046804616.3939","-0.5","1.25","1.75","3.7141736537994126","11351.375","0.2727272727272727","2.272727272727273","2","4.837286977291483","131945.81818181818","-1.8571428571428572","2","3.857142857142857","8.382782258330751","394715731.4285714","-1","3","4","9.954203985267526","9254285715.142857","NaN","NaN","NaN","NaN","NaN"
"114","L6MGwaC6coWmkKwOQ0VwmroJjra2","69","-Kb_ZFuAw7fPKRHiPeQK","3","1485615201943","2017-01-28","3100","4000","78","7","8","14","11","0","-0.20000","2.92500","3.12500","7.3052170812086","2693485201.3500","0.8571428571428571","2.857142857142857","2","4.146587661694296","16095.714285714286","1","3","2","4.756363795960799","177343.625","-0.8571428571428571","2.7857142857142856","3.642857142857143","8.261743315583562","369848330.4285714","-0.9090909090909091","3.090909090909091","4","9.951568439147904","9323636364.454546","NaN","NaN","NaN","NaN","NaN"
"115","L6MGwaC6coWmkKwOQ0VwmroJjra2","69","-Kb_ZQnMLyN9ll2yQeX2","4","1485615246575","2017-01-28","3075","4000","77","11","12","10","7","0","0.17500","3.00000","2.82500","6.4354408143911","1835878000.4250","1","3","2","4.078943532080297","14827.363636363636","0.9166666666666666","3","2.0833333333333335","4.955709445677522","509744.5","-0.8","3","3.8","8.311039349814159","408883997.6","-1","3","4","9.995763839498666","9905714286.571428","NaN","NaN","NaN","NaN","NaN"
"116","L6MGwaC6coWmkKwOQ0VwmroJjra2","69","-KbaC4xch0F1IehB89mN","5","1485625904391","2017-01-28","3050","3900","79","10","11","6","12","0","-0.35897","2.48718","2.84615","6.5826793743566","3134273730.0513","-0.8","1.1","1.9","3.951019460824896","14295.1","0","2","2","4.421919861812413","51611.545454545456","-1.6666666666666667","2","3.6666666666666665","8.095530418533745","372660797","0.3333333333333333","4.333333333333333","4","10.000000000043428","10000000001","NaN","NaN","NaN","NaN","NaN"
"117","L6MGwaC6coWmkKwOQ0VwmroJjra2","69","-KbaCDSrfpTyAmUMZgX3","6","1485625939740","2017-01-28","3050","4000","77","9","14","10","7","0","0.20000","3.00000","2.80000","6.2880424291517","1395317072.6500","1","3","2","3.9736885251661014","11140.333333333334","1","3","2","4.6208360077678226","88814.78571428571","-0.8","3","3.8","8.243489704745368","372507923.2","-1","3","4","9.804557040481399","7440894286.285714","NaN","NaN","NaN","NaN","NaN"
"118","L6MGwaC6coWmkKwOQ0VwmroJjra2","69","-KbaCU1VT7GA8CB-n87-","7","1485626009544","2017-01-28","2950","4000","74","12","10","4","14","0","0.15000","3.00000","2.85000","6.6477272709489","3562921785.1750","1.1666666666666667","3","1.8333333333333333","3.8389087830867243","12736.416666666666","1","3","2","4.506579555299734","1045499.8","-1","3","4","8.694097471827753","626565889.5","-1","3","4","10.000000000043428","10000000001","NaN","NaN","NaN","NaN","NaN"
"119","L6MGwaC6coWmkKwOQ0VwmroJjra2","69","-KbaD3aoGzTXM4uprKdG","8","1485626161507","2017-01-28","3000","3800","79","8","10","11","9","0","-0.52632","2.44737","2.97368","6.8410035086133","2296854960.6579","-0.125","1.875","2","4.052955696841742","13469.875","0.4","2.3","1.9","4.487846209650595","98594.1","-2","1.8181818181818181","3.8181818181818183","8.469547462097525","547216799.8181819","-0.1111111111111111","3.888888888888889","4","9.943444841443746","9028890000.777779","NaN","NaN","NaN","NaN","NaN"
"120","L6MGwaC6coWmkKwOQ0VwmroJjra2","69","-KbaXWOIctPrTA0ThhXz","9","1485631518571","2017-01-28","1950","2600","75","9","5","6","6","0","-0.30769","2.61538","2.92308","6.6564763414507","2184806266.1923","-0.1111111111111111","1.8888888888888888","2","3.994530144402061","14099.666666666666","1.4","3.6","2.2","5.11597509612894","622714.2","-1.6666666666666667","2.1666666666666665","3.8333333333333335","8.674396067234104","616953741.3333334","-0.6666666666666666","3.3333333333333335","4","9.915226949008568","8850000000.833334","NaN","NaN","NaN","NaN","NaN"
"121","L6MGwaC6coWmkKwOQ0VwmroJjra2","69","-KbaXqXSd7J5I5zLnb7o","10","1485631602339","2017-01-28","2125","2600","82","7","8","6","5","0","-0.03846","2.73077","2.76923","6.2898305483161","2036165566.0000","-0.42857142857142855","1.4285714285714286","1.8571428571428572","3.668470886698867","8855","1","3","2","4.592640408782279","67099.25","-0.6666666666666666","3.1666666666666665","3.8333333333333335","8.519195796475246","489950988.6666667","-0.4","3.6","4","10.000000000043428","10000000001","NaN","NaN","NaN","NaN","NaN"
"123","LsVYf4KJU6gY6ADjzfbJPxMdj5n1","71","-KcILgypyK-vUDnYg9o9","1","1486383402478","2017-02-06","2875","4000","72","7","15","9","9","0","-0.17500","2.70000","2.87500","6.7027075483750","2347615658.0250","0","2","2","3.8887329581942445","14064.57142857143","0.9333333333333333","3","2.066666666666667","5.061970767885766","5104872.933333334","-1.3333333333333333","2.4444444444444446","3.7777777777777777","8.328623300995838","425328307.3333333","-1","3","4","10.000000000043428","10000000001","NaN","NaN","NaN","NaN","NaN"
"124","LsVYf4KJU6gY6ADjzfbJPxMdj5n1","71","-KcJjwc3zOFvLdefNSCC","2","1486406763682","2017-02-06","925","1200","78","2","4","3","3","0","0.58333","3.41667","2.83333","6.6076046165733","2139870741.2500","1","3","2","4.0264242993077595","11666","0.75","2.75","2","4.695668996236492","172621.25","0","3.3333333333333335","3.3333333333333335","7.592100972872981","299245025.3333333","0.6666666666666666","4.666666666666667","4","9.893142632232992","8260000000.666667","NaN","NaN","NaN","NaN","NaN"
"130","OI3sxl5iqKZJ1OnbrWA56qtrtwC2","77","-KYFWB6n6aoBKLnO3fMY","1","1480967110364","2016-12-05","2375","3600","66","11","10","9","6","0","-0.91667","1.77778","2.69444","6.2147891019156","1768794551.9167","-0.9090909090909091","1","1.9090909090909092","3.8461748175082793","10455.454545454546","0.7","2.6","1.9","4.658498425479405","82233.9","-2.4444444444444446","1.2222222222222223","3.6666666666666665","8.315500046812822","408407390.4444444","-1.3333333333333333","2.6666666666666665","4","10.000000000043428","10000000001","NaN","NaN","NaN","NaN","NaN"
"131","OI3sxl5iqKZJ1OnbrWA56qtrtwC2","77","-KYFWkdBRejZFkhdmVFR","2","1480967259978","2016-12-05","2575","3700","70","8","8","12","9","0","-0.89189","2.10811","3.00000","6.8896512755394","2350598618.6216","-0.75","1.125","1.875","3.684505442606023","8866.625","0.25","2.25","2","4.591780001722688","44786.25","-1.5833333333333333","2.0833333333333335","3.6666666666666665","8.267954328845603","322643304.8333333","-1.1111111111111112","2.888888888888889","4","9.943484632686856","9233333334.222221","NaN","NaN","NaN","NaN","NaN"
"163","TM7HcCjzM2Oznfd8ghPBhj1cZ2r1","109","-KYEuyaIpHpVuoZIb7QE","1","1480957094336","2016-12-05","1975","4000","50","11","10","9","10","0","-0.57500","2.30000","2.87500","6.7147001403775","2630778484.0250","0.9090909090909091","2.8181818181818183","1.9090909090909092","4.0098504685879135","14119.454545454546","0.1","2.2","2.1","4.752862535358562","369385.1","-1.3333333333333333","2.3333333333333335","3.6666666666666665","8.550113900734907","580810020.6666666","-2.2","1.8","4","10.000000000043428","10000000001","NaN","NaN","NaN","NaN","NaN"
"164","TM7HcCjzM2Oznfd8ghPBhj1cZ2r1","109","-KYF9maQf754lMpCzFJD","2","1480961237702","2016-12-05","2200","3200","69","12","4","8","8","0","-1.18750","1.75000","2.93750","6.6706491180427","2425641927.6563","-0.6666666666666666","1.25","1.9166666666666667","3.8993727266036107","12415.333333333334","0.25","2.25","2","4.97689883446176","143650.5","-2.625","1.25","3.875","8.40176997783821","512476011.5","-1.25","2.75","4","9.94331798719644","9190001250.875","NaN","NaN","NaN","NaN","NaN"
"167","Tr6xVgoboaQJUo0wb5FyNQUcsBh2","112","-KYFhJCsX8pyWgWtSTIi","1","1480970282971","2016-12-05","1425","1800","80","3","4","8","3","0","-0.16667","2.94444","3.11111","7.1815455005456","1806538955.6667","0","2","2","4.026886231156023","11273","0.75","2.75","2","5.146449735790959","174485","-0.875","2.875","3.75","8.325170171632328","314621180","0.3333333333333333","4.333333333333333","4","10.000000000043428","10000000001","NaN","NaN","NaN","NaN","NaN"
"168","Tr6xVgoboaQJUo0wb5FyNQUcsBh2","112","-KYFhmcHFO5rHxHQV7wD","2","1480970410950","2016-12-05","1750","1900","93","3","6","6","4","0","0.00000","3.00000","3.00000","6.9145366434803","2229777201.3684","0.3333333333333333","2.3333333333333335","2","4.158534163950535","15521.666666666666","0.16666666666666666","2.1666666666666665","2","4.679725266594606","50843.166666666664","-0.3333333333333333","3.5","3.8333333333333335","8.470373689088706","394235866.3333333","0","4","4","10.000000000043428","10000000001","NaN","NaN","NaN","NaN","NaN"
"169","Tr6xVgoboaQJUo0wb5FyNQUcsBh2","112","-KYFiBbRAhOU-35xJcaw","3","1480970515574","2016-12-05","2400","2700","89","5","6","7","9","0","-0.29630","2.88889","3.18519","7.4728928118386","3542026505.5556","-0.4","1.6","2","4.212775920034235","18257.6","0.16666666666666666","2.3333333333333335","2.1666666666666665","4.9263887856638275","260700.83333333334","-0.5714285714285714","3.2857142857142856","3.857142857142857","8.735127657871148","804722878.2857143","-0.3333333333333333","3.6666666666666665","4","10.000000000043428","10000000001","NaN","NaN","NaN","NaN","NaN"
"170","Tr6xVgoboaQJUo0wb5FyNQUcsBh2","112","-KYFiV8IePQucCHWQS_w","4","1480970592076","2016-12-05","1350","1600","85","3","5","3","5","0","-0.25000","2.68750","2.93750","6.9336591235777","3218392378.3125","-0.6666666666666666","1.3333333333333333","2","4.085208421439476","15783.333333333334","0.6","2.6","2","4.782266728364491","70806","-1.6666666666666667","2","3.6666666666666665","8.257195690295172","497958889.3333333","0","4","4","10.000000000043428","10000000001","NaN","NaN","NaN","NaN","NaN"
"171","Tr6xVgoboaQJUo0wb5FyNQUcsBh2","112","-KYFiqnzg51xzUg2xh2T","5","1480970672048","2016-12-05","1250","1400","90","1","3","5","5","0","0.00000","3.28571","3.28571","7.8359158109348","2587291445.7857","0","2","2","4.377524800673702","23852","0.6666666666666666","2.6666666666666665","2","5.165598174262461","154111.66666666666","-0.2","3.4","3.6","8.155584570352968","328871370.4","-0.2","3.8","4","9.810115835572361","6915447440.4","NaN","NaN","NaN","NaN","NaN"
"172","Tr6xVgoboaQJUo0wb5FyNQUcsBh2","112","-KYFj8JAaCj1TgYiZJn8","6","1480970753994","2016-12-05","1425","1500","95","4","2","6","3","0","0.06667","3.20000","3.13333","6.9906849141001","1793853960.5333","0.25","2","1.75","3.617950555913967","16433","0.5","2.5","2","4.66426036198602","53740","-0.16666666666666666","3.8333333333333335","4","8.579647900145753","514606032.3333333","0","4","4","9.860687787666189","7940000000.666667","NaN","NaN","NaN","NaN","NaN"
"173","Tr6xVgoboaQJUo0wb5FyNQUcsBh2","112","-KYFjYCDgaKiLLSiLeKQ","7","1480970856002","2016-12-05","925","1000","93","4","2","1","3","0","-0.10000","2.70000","2.80000","6.2719628618431","2590226804.7000","-0.5","1.5","2","3.7361087496570278","5951","0.5","2.5","2","4.6633076865137735","46706.5","0","4","4","8.717795971022428","522150828","0","4","4","9.910260758584416","8460000000.666667","NaN","NaN","NaN","NaN","NaN"
"174","Tr6xVgoboaQJUo0wb5FyNQUcsBh2","112","-KYFjodXq21vH6ngZSvT","8","1480970939466","2016-12-05","1075","1200","90","3","5","1","3","0","-0.08333","2.50000","2.58333","6.0740317087856","2500617302.0833","-0.6666666666666666","1.3333333333333333","2","4.086067217237539","15575.333333333334","0.2","2.2","2","4.759054143312424","104645.2","0","3","3","6.834908137022528","6837670","0","4","4","10.000000000043428","10000000001","NaN","NaN","NaN","NaN","NaN"
"175","Tr6xVgoboaQJUo0wb5FyNQUcsBh2","112","-KYFk8zvVcxDrKQP-PLC","9","1480971022792","2016-12-05","1700","1800","95","5","3","2","8","0","0.00000","3.00000","3.00000","7.0950937811199","3949451768.5556","-0.2","1.8","2","4.221177648589594","17439.4","0.3333333333333333","2.3333333333333335","2","4.268974108470328","50905.333333333336","0","3","3","7.399436574285996","44940957","0","4","4","9.875000542903388","8875001250.875","NaN","NaN","NaN","NaN","NaN"
"176","Tr6xVgoboaQJUo0wb5FyNQUcsBh2","112","-KYFkSJBwcYjVhtwkAW1","10","1480971107664","2016-12-05","1375","1500","92","3","3","6","3","0","-0.06667","3.06667","3.13333","7.2321443293427","2137151674.2000","-0.3333333333333333","1.6666666666666667","2","3.826793372358646","8082","0.6666666666666666","3","2.3333333333333335","5.684754381829239","2993026","-0.3333333333333333","3.3333333333333335","3.6666666666666665","8.324586946241087","341378631","0","4","4","10.000000000043428","10000000001","NaN","NaN","NaN","NaN","NaN"
"177","Tr6xVgoboaQJUo0wb5FyNQUcsBh2","112","-KYFklllJO125kd9C71x","11","1480971179998","2016-12-05","775","800","97","2","2","1","3","0","-0.12500","3.00000","3.12500","7.2913323305821","3905379197.2500","0","2","2","4.2608953859531145","18293","0","2.5","2.5","5.35738438942608","530669.5","-1","3","4","9.09409909376816","1241935650","0","4","4","10.000000000043428","10000000001","NaN","NaN","NaN","NaN","NaN"
"178","Tr6xVgoboaQJUo0wb5FyNQUcsBh2","112","-KYFlADp97OMxD58ib_M","12","1480971274604","2016-12-05","1025","1100","94","3","2","2","4","0","0.09091","3.18182","3.09091","7.1900070776513","3291202028.9091","0.3333333333333333","2.3333333333333335","2","4.324425051401829","21434","0.5","2.5","2","4.475516230586155","36628.5","-0.5","3.5","4","8.739924723230773","675542378","0","4","4","9.921480198081206","8713000000.75","NaN","NaN","NaN","NaN","NaN"
"179","Tr6xVgoboaQJUo0wb5FyNQUcsBh2","112","-KYFlZEzXmSnGZnkzhmf","13","1480971386235","2016-12-05","775","900","87","3","3","2","1","0","0.11111","2.77778","2.66667","6.2168495770130","1244944569.3333","0","2","2","4.156114755233468","15293","1","3","2","5.308639911124682","222822.66666666666","-1","3","4","8.778691096999435","601893388","0","4","4","10.000000000043428","10000000001","NaN","NaN","NaN","NaN","NaN"
"180","Tr6xVgoboaQJUo0wb5FyNQUcsBh2","112","-KYFlvGZPVZpRBA8LJte","14","1480971471442","2016-12-05","1200","1200","100","5","1","2","4","0","0.00000","2.91667","2.91667","6.8388633696740","2732249387.5833","0","1.8","1.8","3.970161163379264","14619.2","0","2","2","5.545307116465823","351000","0","4","4","8.71335546096012","517279276","0","4","4","9.810884145201264","7938002500.75","NaN","NaN","NaN","NaN","NaN"
"181","Tr6xVgoboaQJUo0wb5FyNQUcsBh2","112","-KYKAl_-ppYQK2EnCl7J","15","1481045379604","2016-12-06","2075","2200","95","8","5","6","3","0","0.13636","2.95455","2.81818","6.1871622175654","1461523068.4545","0","2","2","4.13417504589494","15550.125","0.6","2.6","2","4.397901922307309","101320","0","4","4","8.50910980126857","358812750.3333333","0","4","4","10.000000000043428","10000000001","NaN","NaN","NaN","NaN","NaN"
"182","Tr6xVgoboaQJUo0wb5FyNQUcsBh2","112","-KYKBDkwLBBXl0LUiEBv","16","1481045494698","2016-12-06","2125","2400","89","4","9","5","6","0","0.45833","3.25000","2.79167","6.7175460112247","2521919974.4167","0.25","2.25","2","4.157850926731745","14794.25","0.6666666666666666","2.6666666666666665","2","4.966738038508561","198543.44444444444","0.8","4.2","3.4","7.977811643125674","104846662.4","0","4","4","10.000000000043428","10000000001","NaN","NaN","NaN","NaN","NaN"
"191","Ul2NG9MLsyPN2nSapK71WMcpmIr1","121","-Ko8EW2p72KreXBd1f44","1","1499098647361","2017-07-03","1300","1800","73","3","6","3","6","0","-0.77778","2.11111","2.88889","6.9970155257598","3024129878.9444","-0.6666666666666666","1","1.6666666666666667","3.5698534278295937","13621","0.5","2.6666666666666665","2.1666666666666665","5.238968773463847","16714154.5","-1.6666666666666667","1.6666666666666667","3.3333333333333335","8.09047587404822","311337342","-1.6666666666666667","2.3333333333333335","4","9.921913152876565","8900000000.833334","NaN","NaN","NaN","NaN","NaN"
"192","Ul2NG9MLsyPN2nSapK71WMcpmIr1","121","-Ko8F7Y24-9bi-Ivmawh","2","1499098761690","2017-07-03","250","300","84","1","1","0","1","0","-0.66667","2.00000","2.66667","6.1071083229307","3333343327.0000","-1","1","2","4.276001989962049","18880","0","2","2","4.045322978786657","11100","NaN","NaN","NaN","NaN","NaN","-1","3","4","10.000000000043428","10000000001","NaN","NaN","NaN","NaN","NaN"
"205","VaV0R7G6GwbV16YwCsochXzHNET2","126","-KYFcBMfcvk1aimnzg1s","1","1480968940178","2016-12-05","350","600","59","2","2","2","0","0","-0.33333","2.33333","2.66667","5.7993299601315","90474689.6667","0.5","2.5","2","4.223355788385761","16905.5","1","3","2","4.799704088333019","72592.5","-2.5","1.5","4","8.374930003675829","271334571","NaN","NaN","NaN","NaN","NaN","NaN","NaN","NaN","NaN","NaN"
"206","VaV0R7G6GwbV16YwCsochXzHNET2","126","-KYFcgUUCRJrpZKozOJw","2","1480969078441","2016-12-05","1425","1800","80","4","2","6","6","0","-0.16667","3.00000","3.16667","7.4098552931242","2942649945.3889","0","1.75","1.75","3.8496767579289193","15401.75","0.5","2.5","2","4.736838329851123","114927.5","0.5","4.166666666666667","3.6666666666666665","8.316436578293208","427232925","-1.1666666666666667","2.8333333333333335","4","9.767732019176353","8400668334.166667","NaN","NaN","NaN","NaN","NaN"
"211","W1YR9hrZ2TcTaBrt2g6f3hmTyC02","131","-KYFWjM8q-rmeE43Fb6_","1","1480967254543","2016-12-05","2725","4000","69","13","10","10","7","0","-0.67500","2.12500","2.80000","6.4386877156947","1849926253.2000","-0.46153846153846156","1.5384615384615385","2","4.088628394082594","14024.615384615385","0.6","2.6","2","4.986078127335129","145161.3","-2.6","1.2","3.8","8.45345582310604","399541618.8","-0.14285714285714285","3.857142857142857","4","10.000000000043428","10000000001","NaN","NaN","NaN","NaN","NaN"
"212","W1YR9hrZ2TcTaBrt2g6f3hmTyC02","131","-KYFXEpeoFfH00GkcI4S","2","1480967386686","2016-12-05","1975","2400","83","5","6","3","10","0","0.04167","3.12500","3.08333","7.2470554264793","4251687924.7917","-0.4","1.6","2","4.111752572759608","16811.2","0.5","2.5","2","4.510838534219679","40736.5","-0.3333333333333333","3.6666666666666665","4","8.768512055317974","680060570","0.1","4.1","4","10.000000000043428","10000000001","NaN","NaN","NaN","NaN","NaN"
"213","W1YR9hrZ2TcTaBrt2g6f3hmTyC02","131","-KYGgphMB62_OGWk01qs","3","1480986940586","2016-12-06","2950","3500","85","6","7","12","10","0","-0.17143","2.91429","3.08571","7.2188148071538","2765218528.8571","-0.16666666666666666","1.6666666666666667","1.8333333333333333","3.5492506603302965","11624.5","0.14285714285714285","2.2857142857142856","2.142857142857143","5.467865296740121","14496285.42857143","-0.25","3.25","3.5","7.784044109518063","158425396.33333334","-0.3","3.7","4","9.967942789700297","9478000000.9","NaN","NaN","NaN","NaN","NaN"
"219","XPEa6jvzKxUhQIbdrWB9wLknoWk1","137","-KYFWITRZS2USvS7lqrf","1","1480967140275","2016-12-05","2800","3400","83","11","6","8","9","0","-0.23529","2.67647","2.91176","6.7690488033084","2698196165.0588","0","2","2","4.053039890338582","14933.90909090909","0.5","2.5","2","5.141950763227221","154969.66666666666","-1.125","2.5","3.625","8.089064492375973","217196939","-0.2222222222222222","3.7777777777777777","4","10.000000000043428","10000000001","NaN","NaN","NaN","NaN","NaN"
"220","XPEa6jvzKxUhQIbdrWB9wLknoWk1","137","-KYFWdhmEu9EM16pEQBA","2","1480967232435","2016-12-05","3225","4000","81","9","10","11","10","0","-0.47500","2.60000","3.07500","7.0669853180211","2397177696.8500","-0.1111111111111111","1.8888888888888888","2","4.111444034926826","15055.222222222223","0.1","2.3","2.2","5.2574941395118335","1398006.1","-1","2.909090909090909","3.909090909090909","8.524076089533493","439361118.90909094","-0.8","3.2","4","9.933663802651491","9104002000.8","NaN","NaN","NaN","NaN","NaN"
"221","XPEa6jvzKxUhQIbdrWB9wLknoWk1","137","-KYFWwLvhKmtGgiLn36V","3","1480967306108","2016-12-05","1100","1400","79","3","2","4","5","0","-0.71429","2.50000","3.21429","7.4580718583818","3679111064.3571","-0.6666666666666666","1.3333333333333333","2","4.147355493234227","16361.333333333334","0.5","2.5","2","4.313137336528072","66362","-0.75","3","3.75","8.336166216092293","376843272","-1.2","2.8","4","10.000000000043428","10000000001","NaN","NaN","NaN","NaN","NaN"
"222","XPEa6jvzKxUhQIbdrWB9wLknoWk1","137","-KYFgfmPSuqkY4YwOcvG","4","1480970124494","2016-12-05","3225","4000","81","8","14","9","9","0","-0.42500","2.37500","2.80000","6.5251721899801","2303266517.8250","0","1.875","1.875","4.018562144299321","14426.875","0.14285714285714285","2.142857142857143","2","4.755480893329881","152842.7857142857","-1","2.6666666666666665","3.6666666666666665","8.031295326422427","236489498.8888889","-1.1111111111111112","2.888888888888889","4","10.000000000043428","10000000001","NaN","NaN","NaN","NaN","NaN"
"223","XPEa6jvzKxUhQIbdrWB9wLknoWk1","137","-KYJ4JSjmMD396m8WEl4","5","1481026912639","2016-12-06","2600","3100","84","10","5","9","7","0","-0.45161","2.51613","2.96774","6.7261018476889","2374249016.1290","-0.4","1.5","1.9","4.104151585712432","17859.3","0.6","2.6","2","4.616591930264882","69814","-0.6666666666666666","3.2222222222222223","3.888888888888889","8.264964641067095","400132425.5555556","-1","3","4","10.000000000043428","10000000001","NaN","NaN","NaN","NaN","NaN"
"224","XPEa6jvzKxUhQIbdrWB9wLknoWk1","137","-KYJ4hS_MaZFh7XxnWAb","6","1481027014575","2016-12-06","2350","2900","82","9","8","5","7","0","-0.41379","2.48276","2.89655","6.7631796593709","34485215651939.8300","-0.4444444444444444","1.5555555555555556","2","4.005108080792645","11382.555555555555","0.375","2.75","2.375","6.152766930093081","125000000094843.62","-1.2","2.6","3.8","8.172820390714849","250609011.2","-0.7142857142857143","3.2857142857142856","4","10.000000000043428","10000000001","NaN","NaN","NaN","NaN","NaN"
"230","ZWUUbTjQ9odC1a6ZPbW9D0IGRi23","143","-KwqJ9jhWUCspI0Bf7Tj","1","1508444777702","2017-10-19","2325","3100","75","7","10","7","7","0","-0.41935","2.54839","2.96774","6.7183486926855","2133057833.4839","-0.2857142857142857","1.7142857142857142","2","4.081653153663941","13965.285714285714","0.4","2.6","2.2","5.027231962608195","4129224.9","-1.8571428571428572","2.142857142857143","4","8.561936582489361","426200403.71428573","-0.2857142857142857","3.7142857142857144","4","9.927337384870693","9014285715.142857","NaN","NaN","NaN","NaN","NaN"
"231","ZWUUbTjQ9odC1a6ZPbW9D0IGRi23","143","-KwqJMSEJL3wjSkknomQ","2","1508444831050","2017-10-19","3000","4000","75","8","10","11","11","0","-1.00000","2.00000","3.00000","6.8725176537039","2852992179.2500","0","2","2","3.8974019311763852","10485.75","0","2","2","4.38953367794878","39175.1","-1.6363636363636365","2","3.6363636363636362","8.166013992616302","374473774.72727275","-2","2","4","10.000000000043428","10000000001","NaN","NaN","NaN","NaN","NaN"
"233","a9rPVIu9QMhuMSFgavPwd00uqSK2","145","-KYFY2qEsUXUX3BWvL8F","1","1480967580778","2016-12-05","1550","2400","65","8","4","7","5","0","-1.25000","1.70833","2.95833","6.6333114858301","2287119187.6667","-0.625","1.375","2","4.130450254072553","16024.125","-0.75","1.25","2","4.140336359265228","35637","-2.142857142857143","1.7142857142857142","3.857142857142857","8.513504027152038","698655679.7142857","-1.4","2.6","4","10.000000000043428","10000000001","NaN","NaN","NaN","NaN","NaN"
"234","a9rPVIu9QMhuMSFgavPwd00uqSK2","145","-KYFYKXaJ6VBTY-fhglS","2","1480967674101","2016-12-05","3275","4000","82","8","7","11","14","0","-0.17500","3.02500","3.20000","7.3481365009519","3547980827.2500","-0.375","1.625","2","4.011776015906886","12350","0.7142857142857143","2.7142857142857144","2","4.133451846506141","16919.85714285714","-1.0909090909090908","2.727272727272727","3.8181818181818183","8.467941151740465","572637803.4545455","0.21428571428571427","4.214285714285714","4","9.982124022580974","9687142858.071428","NaN","NaN","NaN","NaN","NaN"
"235","aIuQr5K1JmQwSrgaWRoED0P6PHz1","146","-KYF5_JILkMgU_tejaaM","1","1480960135797","2016-12-05","2100","2700","78","7","7","7","6","0","-0.88889","2.03704","2.92593","6.6363125327125","2260057664.0000","-0.8571428571428571","1.1428571428571428","2","4.178867041522731","17387.85714285714","-0.2857142857142857","1.7142857142857142","2","4.593042149517599","68910.85714285714","-1.4285714285714286","2.4285714285714284","3.857142857142857","8.269282698037044","460134690.28571427","-1","3","4","9.982015859949177","9633335000.833334","NaN","NaN","NaN","NaN","NaN"
"236","aIuQr5K1JmQwSrgaWRoED0P6PHz1","146","-KY_yKN-WrKgio2-tOlV","2","1481327071454","2016-12-09","3175","3600","89","9","6","8","13","0","-0.19444","2.86111","3.05556","7.2747453448897","3055682023.8889","-0.1111111111111111","1.8888888888888888","2","4.1485507995589606","16401.88888888889","0.16666666666666666","2","1.8333333333333333","4.8880774275334185","242579.33333333334","0.375","4","3.625","8.393319586486736","524367469.75","-0.7692307692307693","3.230769230769231","4","9.852219535608137","8139077693","NaN","NaN","NaN","NaN","NaN"
"241","atV1Em4nO3Q9Sx9qENuoh2lGJfh2","151","-KYF9cWq5qhtUFbpPXd7","1","1480961195399","2016-12-05","1350","2200","62","5","7","6","4","0","-1.00000","1.86364","2.86364","6.3784040639232","1671692411.6364","-0.8","1.2","2","3.9841488031756795","13510.4","0.42857142857142855","2.4285714285714284","2","4.485146807935586","164928.42857142858","-2.8333333333333335","1","3.8333333333333335","8.22777377211846","399333500.3333333","-1","3","4","9.91036877554329","8595002500.75","NaN","NaN","NaN","NaN","NaN"
"242","atV1Em4nO3Q9Sx9qENuoh2lGJfh2","151","-KYFA1h2TGP2vo8kL4SG","2","1480961305278","2016-12-05","2775","3500","80","15","7","7","6","0","-0.71429","1.91429","2.62857","5.9321788060839","1579520407.3143","-0.5333333333333333","1.4666666666666666","2","4.084175420839982","15518.066666666668","-0.5714285714285714","1.4285714285714286","2","4.4047571361775235","37422.857142857145","-1.1428571428571428","2.2857142857142856","3.4285714285714284","7.999835432833531","268959931.4285714","-0.8333333333333334","3.1666666666666665","4","9.921913152876565","8900000000.833334","NaN","NaN","NaN","NaN","NaN"
"246","c7RSBXeG9cT3fknE0D5tu4Qgiw02","155","-KYEGieY0KR64GgjdZHs","1","1480946281091","2016-12-05","1725","2400","72","6","5","7","6","0","-0.62500","2.45833","3.08333","6.8826746957890","2581768549.5833","-1","1","2","4.0401806456479585","16222","0.2","2.2","2","4.490209489445407","44313.6","-1.8571428571428572","2.142857142857143","4","8.35600876822293","280303754.85714287","0.5","4.5","4","10.000000000043428","10000000001","NaN","NaN","NaN","NaN","NaN"
"247","c7RSBXeG9cT3fknE0D5tu4Qgiw02","155","-KYEI2sfrlpJ3hZMzxij","2","1480946591257","2016-12-05","825","1100","75","4","1","3","3","0","-0.81818","2.18182","3.00000","6.8350070905533","2013154099.2727","-0.5","1.25","1.75","3.673277002157426","7256.25","-2","1","3","6.414599192481512","2597761","-1.6666666666666667","2","3.6666666666666665","8.36062533366559","384129434.6666667","0","4","4","9.665164931325934","6996560000.666667","NaN","NaN","NaN","NaN","NaN"
"249","cYiVhPok8wR3GHxMIPUz9xTb8as2","157","-KYFXXss37f0SBxx7oeH","1","1480967465352","2016-12-05","1175","1700","70","4","6","3","4","0","0.05882","2.88235","2.82353","6.5164211622953","2427947116.8235","-0.5","1.5","2","4.26231287832344","18852.75","1.8333333333333333","3.8333333333333335","2","4.66135063923639","119807.16666666667","-2","2","4","8.587268136711272","424768909.3333333","-0.5","3.5","4","10.000000000043428","10000000001","NaN","NaN","NaN","NaN","NaN"
"250","cYiVhPok8wR3GHxMIPUz9xTb8as2","157","-KYFXnOLv-N9SqnTgMGX","2","1480967531943","2016-12-05","1225","1800","69","7","4","4","3","0","-0.38889","2.33333","2.72222","6.0219816379294","1751507969.0556","-0.8571428571428571","1.1428571428571428","2","3.9170160275081023","10557.285714285714","2","4","2","4.382153815616746","44295.25","-1.5","2.25","3.75","8.361985506893896","381723089.5","-1","3","4","10.000000000043428","10000000001","NaN","NaN","NaN","NaN","NaN"
"251","cYiVhPok8wR3GHxMIPUz9xTb8as2","157","-KYFYApsjEE2qjfztGej","3","1480967628188","2016-12-05","1175","1500","79","6","2","2","5","0","-0.60000","2.33333","2.93333","6.6459298734263","3357480469.7333","-0.8333333333333334","1.1666666666666667","2","3.946573035322706","9653.333333333334","1","3","2","4.779147933123189","60923.5","-2","2","4","8.225607011497562","181013637","-0.4","3.6","4","10.000000000043428","10000000001","NaN","NaN","NaN","NaN","NaN"
"255","fpkQrbHa6dUi1FxWf9usOaMOeSl2","161","-KYFZ9CfQSm-v-LEos1p","1","1480967889716","2016-12-05","1975","2800","71","3","6","12","7","0","-0.75000","2.46429","3.21429","7.4534197006867","2415656296.1786","-0.3333333333333333","1.6666666666666667","2","3.9907411685273444","11735","0.8333333333333334","2.8333333333333335","2","4.562485687434044","60158","-1.6666666666666667","2","3.6666666666666665","8.349358932440477","517065011.1666667","-0.7142857142857143","3.2857142857142856","4","9.87947239996495","8776171429.428572","NaN","NaN","NaN","NaN","NaN"
"256","fpkQrbHa6dUi1FxWf9usOaMOeSl2","161","-KYFZgZg0nIdpX0cltCO","2","1480968004904","2016-12-05","825","1000","83","3","2","1","4","0","-0.10000","2.80000","2.90000","7.0202041824905","4003211802.4000","0.3333333333333333","2.3333333333333335","2","4.200604399969412","17947.666666666668","1","3","2","5.049041629701976","142400.5","-1","2","3","7.502145365419589","31779376","-0.75","3.25","4","10.000000000043428","10000000001","NaN","NaN","NaN","NaN","NaN"
"257","fpkQrbHa6dUi1FxWf9usOaMOeSl2","161","-KYF_6OLobludk3PCKoJ","3","1480968116774","2016-12-05","725","1100","66","2","1","4","4","0","-1.18182","2.09091","3.27273","7.6095091227033","2852531522.3636","-0.5","1.5","2","4.204069048869054","16007","1","3","2","4.045322978786657","11100","-1.5","2","3.5","8.039328575420823","151450907.5","-1.75","2.25","4","9.773456242882073","7693000000.5","NaN","NaN","NaN","NaN","NaN"
"258","fv7e5JE1iGer7bvzRku3fBT2s7h1","162","-KyLtURgxWfGYtqpJ971","1","1510065173930","2017-11-07","4350","4900","89","9","7","9","16","8","-0.20408","2.85714","3.06122","7.1149123557023","3617240984046182.5000","-0.4444444444444444","1.3333333333333333","1.7777777777777777","2.999257082314376","1271.5555555555557","0","1.8571428571428572","1.8571428571428572","3.473229694382756","3600.1428571428573","-0.1111111111111111","4.555555555555555","4.666666666666667","12.20358557272474","19681510792459372","-0.1875","3.5625","3.75","8.898343496009842","6950692543125.8125","-0.25","2.125","2.375","5.639877217152812","675246"
"259","fv7e5JE1iGer7bvzRku3fBT2s7h1","162","-KyLtmAWABBhWR4B7gO3","2","1510065250529","2017-11-07","3725","4200","89","3","14","6","8","11","-0.21429","2.50000","2.71429","6.3918202584971","4018837506966761.0000","-0.3333333333333333","1.6666666666666667","2","3.105721249470166","1306.3333333333333","-0.14285714285714285","1.8571428571428572","2","3.795823354343685","10861","-0.6666666666666666","3.8333333333333335","4.5","11.383760438886844","28119694156897564","-0.25","3.375","3.625","9.107166654829465","9126291250000.875","0","2.1818181818181817","2.1818181818181817","5.894351297790975","1914779.7272727273"
"264","gWLf1mnmTDdhrfUrnja6LJrEZs53","167","-KkLtRQ3Qvb6e5JZwekn","1","1495032776466","2017-05-17","2525","4000","64","5","13","11","11","0","-1.17500","1.87500","3.05000","7.1158200400596","2683930321.0000","-1","1","2","4.013662844187465","12912.8","-0.3076923076923077","1.9230769230769231","2.230769230769231","5.152523008267896","77762564.3076923","-2.3636363636363638","1.1818181818181819","3.5454545454545454","8.001226049951175","240566811.8181818","-1.0909090909090908","2.909090909090909","4","9.960745611318298","9427272728.181818","NaN","NaN","NaN","NaN","NaN"
"265","gWLf1mnmTDdhrfUrnja6LJrEZs53","167","-KkLu6exkUuk73cvc-3b","2","1495032951464","2017-05-17","2475","3600","69","10","8","6","12","0","-0.80556","2.13889","2.94444","6.8755028961111","3302163135.8611","-0.9","1.1","2","4.007318928422025","14752.5","0.75","2.625","1.875","4.548833501833889","100939.375","-2.8333333333333335","1","3.8333333333333335","8.562469844003317","682819640","-0.75","3.25","4","9.973285658090818","9565000000.916666","NaN","NaN","NaN","NaN","NaN"
"266","gWLf1mnmTDdhrfUrnja6LJrEZs53","167","-KkLugRh_r0DkJuSrc50","3","1495033103442","2017-05-17","2300","3200","72","6","7","14","5","0","-0.37500","2.62500","3.00000","6.8556755689943","1714321618.6250","0.16666666666666666","2","1.8333333333333333","3.987036781083205","14295.666666666666","0.8571428571428571","2.857142857142857","2","4.6403766750642275","89345.85714285714","-1.1428571428571428","2.5","3.642857142857143","8.069768628260858","346970042.5714286","-0.6","3.4","4","10.000000000043428","10000000001","NaN","NaN","NaN","NaN","NaN"
"267","gWLf1mnmTDdhrfUrnja6LJrEZs53","167","-KkLv-wpiJ0uw44VKuvO","4","1495033186865","2017-05-17","2800","3800","74","8","9","9","12","0","-0.57895","2.47368","3.05263","6.9945188527689","2880551954.8947","-1","1","2","3.8968627296743437","12098.625","0.5555555555555556","2.4444444444444446","1.8888888888888888","4.296547553269074","84600.55555555556","-1","2.888888888888889","3.888888888888889","8.641476972117722","595122898","-0.8333333333333334","3.1666666666666665","4","9.84788281994519","8675334167.5","NaN","NaN","NaN","NaN","NaN"
"276","iSSDcDJRKdYxYGUewC14M4FOn793","176","-KfkdbwZmcvWxaltka0z","1","1490096127470","2017-03-21","1175","1800","66","4","7","3","4","0","-1.05556","1.72222","2.77778","6.3962433663870","2356989440.5556","-1","1","2","4.117075631904994","13756","-0.42857142857142855","1.5714285714285714","2","4.589852412431485","63851.142857142855","-3","1","4","8.845037060050615","808435981.3333334","-0.75","3.25","4","10.000000000043428","10000000001","NaN","NaN","NaN","NaN","NaN"
"277","iSSDcDJRKdYxYGUewC14M4FOn793","176","-KfkdvFKG_vWaIBFhB2X","2","1490096203804","2017-03-21","1100","1500","74","4","3","6","2","0","-0.80000","2.06667","2.86667","6.4689698383472","1450419853.4667","-0.5","1.25","1.75","3.802356892931321","14589","0","2","2","4.512800413641921","87853.33333333333","-1.8333333333333333","1.8333333333333333","3.6666666666666665","8.047786460411775","292662647.3333333","0.5","4.5","4","10.000000000043428","10000000001","NaN","NaN","NaN","NaN","NaN"
"280","j2t9h2aRSochkCsvG8nUTxu6ugB2","179","-KYEoQNDL12jv1iV7maO","1","1480955376528","2016-12-05","725","1000","73","2","2","3","3","0","-0.10000","2.90000","3.00000","7.0590931321382","3020204637.6000","-1","1","2","3.9045466675149507","8146","-1","1","2","4.862870042375998","73035.5","0","3.3333333333333335","3.3333333333333335","7.685365967156713","67294670","1","5","4","10.000000000043428","10000000001","NaN","NaN","NaN","NaN","NaN"
"281","j2t9h2aRSochkCsvG8nUTxu6ugB2","179","-KYEzDBOQoCQQ_0jlrB0","2","1480958204456","2016-12-05","1350","1600","85","9","2","1","4","0","-0.50000","2.12500","2.62500","5.7219216691680","2210376142.3750","-0.3333333333333333","1.6666666666666667","2","3.8941844953577975","9867.111111111111","-0.5","1.5","2","4.355840906836574","28741.5","-2","2","4","8.071410608297304","117871988","-0.5","3.5","4","9.929998456624471","8812000000.75","NaN","NaN","NaN","NaN","NaN"
"282","j2t9h2aRSochkCsvG8nUTxu6ugB2","179","-KYFUiBcF9vP0vZAX4Uh","4","1480966719290","2016-12-05","950","1100","87","3","2","4","2","0","-0.18182","2.72727","2.90909","6.6407461355305","1515806403.6364","0","2","2","4.096827279690993","12767","0.5","2.5","2","4.529194810768583","35457","-0.25","3.25","3.5","8.004977033392432","473440306","-1","3","4","9.839713948327773","7390000000.5","NaN","NaN","NaN","NaN","NaN"
"283","j2t9h2aRSochkCsvG8nUTxu6ugB2","179","-KYFWM50FmbgzZKm5iIT","5","1480967153643","2016-12-05","1050","1200","88","2","4","4","2","0","0.00000","2.91667","2.91667","6.7932121686148","1905911386.9167","-0.5","1.5","2","4.142040367119529","14352.5","0.25","2.25","2","4.82414535103111","89671.5","-0.25","3.5","3.75","8.48447097123183","717637312.5","0.5","4.5","4","10.000000000043428","10000000001","NaN","NaN","NaN","NaN","NaN"
"284","j2t9h2aRSochkCsvG8nUTxu6ugB2","179","-KYGWFwRS7veFkgTeUAX","6","1480983905867","2016-12-06","1950","2300","85","6","5","9","3","0","-0.52174","2.52174","3.04348","6.8978728028456","1545393586.0435","-0.3333333333333333","1.6666666666666667","2","4.097835288574844","16470.833333333332","-0.4","1.6","2","5.105045521395129","143357","-0.8888888888888888","3.111111111111111","4","8.726537236321546","615915207.3333334","0","4","4","10.000000000043428","10000000001","NaN","NaN","NaN","NaN","NaN"
"285","j2t9h2aRSochkCsvG8nUTxu6ugB2","179","-KYGWWuRJ-6fEdNh8vhY","7","1480983976469","2016-12-06","1550","2100","74","5","1","9","6","0","-0.85714","2.52381","3.38095","7.7498766149256","3093622503.7143","0","2","2","4.09885178923792","14471","0","2","2","5.447544071596157","280249","-1.2222222222222223","2.6666666666666665","3.888888888888889","8.53395621059906","551746663.1111112","-1.1666666666666667","2.8333333333333335","4","10.000000000043428","10000000001","NaN","NaN","NaN","NaN","NaN"
"286","j2t9h2aRSochkCsvG8nUTxu6ugB2","179","-KYGWe3FUSmksP0cRdJA","8","1480984010039","2016-12-06","3250","4000","82","4","9","16","11","0","0.25000","3.45000","3.20000","7.4075796617573","2529379402.8250","1.5","3","1.5","3.0068007712833054","7741.5","1.4444444444444444","3.4444444444444446","2","4.910775387853552","163854.66666666666","-0.375","3.375","3.75","8.212473290909426","337103777.875","-0.2727272727272727","3.727272727272727","4","9.879948385447825","8707273637.181818","NaN","NaN","NaN","NaN","NaN"
"287","j2t9h2aRSochkCsvG8nUTxu6ugB2","179","-KYGWitKUbdBMzAJHR4x","9","1480984030159","2016-12-06","3075","4000","77","10","9","9","12","0","0.02500","2.97500","2.95000","6.8395979051920","2714328979.1750","1","2.9","1.9","4.0998705856585","16945.3","1","3","2","4.553277600671663","162942.66666666666","-0.6666666666666666","3","3.6666666666666665","8.158278312532001","337145913.3333333","-1","3","4","9.848433927688584","8794767500.833334","NaN","NaN","NaN","NaN","NaN"
"288","j2t9h2aRSochkCsvG8nUTxu6ugB2","179","-KYKA3iuCx_g78duHbP1","10","1481045192137","2016-12-06","1675","1800","94","6","3","6","3","0","-0.05556","2.83333","2.88889","6.5913810215236","1729801173.8889","0","2","2","3.9510147651177796","10070.666666666666","0","2.3333333333333335","2.3333333333333335","5.836100861832009","3461089","0","3.5","3.5","7.905077868515178","187662906","-0.3333333333333333","3.6666666666666665","4","10.000000000043428","10000000001","NaN","NaN","NaN","NaN","NaN"
"289","j2t9h2aRSochkCsvG8nUTxu6ugB2","179","-KYKANm-wPXvpY9ziShc","11","1481045273862","2016-12-06","1475","1700","87","4","3","5","5","0","-0.29412","2.88235","3.17647","7.1970556624185","3062146405.6471","0.5","2.5","2","4.097606897607034","17773","0","2","2","4.623866437455799","43850.333333333336","-1","3","4","8.41758387162037","411257249.6","-0.4","3.6","4","10.000000000043428","10000000001","NaN","NaN","NaN","NaN","NaN"
"290","j2t9h2aRSochkCsvG8nUTxu6ugB2","179","-KYKWnTqvQBDPrXT7Ymr","13","1481051156210","2016-12-06","1450","1600","91","4","4","4","4","0","-0.37500","2.56250","2.93750","6.7185549210396","1984098501.5000","-0.25","1.75","2","4.41882865974956","26302.5","0","2","2","4.338629309214584","49061","-0.5","3.25","3.75","8.471190902361668","470316142","-0.75","3.25","4","9.645570812832407","7466002500.5","NaN","NaN","NaN","NaN","NaN"
"291","j2t9h2aRSochkCsvG8nUTxu6ugB2","179","-KYKX9tms4Cjamk0xH7A","14","1481051247329","2016-12-06","1550","1600","97","5","4","4","3","0","0.12500","2.81250","2.68750","6.2067852646548","1899952929.1875","0","2","2","4.136256329649534","16449.4","0","2","2","4.186117900969889","25171.75","0.5","3.75","3.25","7.970702745554835","99765982.5","0","4","4","10.000000000043428","10000000001","NaN","NaN","NaN","NaN","NaN"
"292","j2t9h2aRSochkCsvG8nUTxu6ugB2","179","-KYKXYkefuR0LYROhRo1","15","1481051343842","2016-12-06","1275","1300","99","2","5","2","4","0","-0.07692","2.76923","2.84615","6.9016063089546","3184789325.1538","-0.5","1.5","2","4.110981998039661","13059.5","0","2","2","4.952101780478631","194798.4","0","3.5","3.5","8.369204558881632","700630556","0","4","4","10.000000000043428","10000000001","NaN","NaN","NaN","NaN","NaN"
"293","j2t9h2aRSochkCsvG8nUTxu6ugB2","179","-KYKXsSkpFXK0FqG_DNO","16","1481051427947","2016-12-06","1300","1300","100","2","3","2","6","0","0.00000","3.23077","3.23077","7.5683657813551","4725896051.8462","0","2","2","3.787041157298141","6127","0","2","2","4.368743950436179","43994","0","4","4","8.854220495725269","718252216","0","4","4","10.000000000043428","10000000001","NaN","NaN","NaN","NaN","NaN"
"295","jKtr5qwOdNN5S53197g9amLQ1fv1","181","-KYEyn2Vb7cDuq8g12Kk","1","1480958093769","2016-12-05","1975","2300","86","4","6","8","5","0","-0.04348","2.95652","3.00000","6.9864393193248","2292770406.6087","0","2","2","4.370559518006402","23808.25","0.16666666666666666","2.1666666666666665","2","4.715390067867706","67161.66666666667","0.375","4","3.625","8.114190733127655","341652643","-1","3","4","10.000000000043428","10000000001","NaN","NaN","NaN","NaN","NaN"
"296","jKtr5qwOdNN5S53197g9amLQ1fv1","181","-KYEzWD10srJcXBfFzJm","2","1480958229846","2016-12-05","75","100","75","0","0","0","1","0","-1.00000","3.00000","4.00000","10.0000000000434","10000000001.0000","NaN","NaN","NaN","NaN","NaN","NaN","NaN","NaN","NaN","NaN","NaN","NaN","NaN","NaN","NaN","-1","3","4","10.000000000043428","10000000001","NaN","NaN","NaN","NaN","NaN"
"297","jKtr5qwOdNN5S53197g9amLQ1fv1","181","-KYF-TXxz2JKCT-pDKuY","3","1480958479716","2016-12-05","100","100","100","0","0","1","0","0","0.00000","4.00000","4.00000","8.5994570844039","397609804.0000","NaN","NaN","NaN","NaN","NaN","NaN","NaN","NaN","NaN","NaN","0","4","4","8.599457084403863","397609804","NaN","NaN","NaN","NaN","NaN","NaN","NaN","NaN","NaN","NaN"
"298","jKtr5qwOdNN5S53197g9amLQ1fv1","181","-KYFD5QsIQE79_RklovM","4","1480959978429","2016-12-05","1750","1900","93","8","6","1","4","0","-0.10526","2.42105","2.52632","5.6391892934564","2121388711.1579","0.125","2","1.875","3.9391930055584004","13811.625","0.16666666666666666","2.3333333333333335","2.1666666666666665","4.524543079398229","271669.1666666667","-1","3","4","8.483794054640926","304645000","-0.75","3.25","4","10.000000000043428","10000000001","NaN","NaN","NaN","NaN","NaN"
"299","jKtr5qwOdNN5S53197g9amLQ1fv1","181","-KYFDNGbw_1BEwL9oPk8","5","1480962171617","2016-12-05","1625","1800","91","1","4","6","7","0","0.27778","3.66667","3.38889","7.9485587984113","3499492648.3333","1","3","2","4.075072262706118","11887","1","3","2","5.058931057578977","324431.25","0.16666666666666666","4","3.8333333333333335","8.274221340513458","279593008.6666667","-0.14285714285714285","3.857142857142857","4","9.87399054790003","8758857143.714285","NaN","NaN","NaN","NaN","NaN"
"303","l3bBmPJzRAaXn7umtJIUK125OPk2","185","-KYFBPuSQNMWWSyqNcqf","1","1480961666428","2016-12-05","2775","4000","70","12","12","7","9","0","-0.72500","2.00000","2.72500","6.3013246116372","2175964446.0500","-0.3333333333333333","1.6666666666666667","2","4.018307161468301","13610.333333333334","-0.4166666666666667","1.5833333333333333","2","4.839980836752483","135937.33333333334","-2.2857142857142856","1.2857142857142858","3.5714285714285716","8.005839706172756","268110466","-0.4444444444444444","3.5555555555555554","4","9.968072282625533","9462223334.222221","NaN","NaN","NaN","NaN","NaN"
"304","l3bBmPJzRAaXn7umtJIUK125OPk2","185","-KYFCWQ7n4ZxL7OwCV6Q","2","1480961932553","2016-12-05","1325","1400","95","2","3","6","3","0","0.07143","3.28571","3.21429","7.4270416914013","2188496542.8571","0","2","2","4.074642865083695","13110.5","0.3333333333333333","2.3333333333333335","2","4.859707801317143","90007.66666666667","0.16666666666666666","4","3.8333333333333335","8.562789516826845","527774225.6666667","-0.3333333333333333","3.6666666666666665","4","9.957812481512578","9157336667.333334","NaN","NaN","NaN","NaN","NaN"
"311","n6qI1X30j0ZRvJEQeyYc25HFKR93","192","-Kp-hzMlHQmmBGhPAKgq","1","1500029383706","2017-07-14","2225","4000","56","13","9","10","8","0","-1.77500","1.17500","2.95000","6.6765333605477","3204195599.5750","-0.9230769230769231","1.0769230769230769","2","4.167016211445041","17782.923076923078","-1.2222222222222223","1.1111111111111112","2.3333333333333335","5.3759490069912435","6411173462.111111","-2.7","1.2","3.9","8.582432919918583","581503164","-2.625","1.375","4","9.835281676377125","8081500000.75","NaN","NaN","NaN","NaN","NaN"
"312","n6qI1X30j0ZRvJEQeyYc25HFKR93","192","-Kp-iCGBWwbZ06rckXQD","2","1500029440632","2017-07-14","2100","4000","53","11","10","8","11","0","-1.90000","1.00000","2.90000","6.7059313863611","2861662968.3500","-0.9090909090909091","1","1.9090909090909092","3.6164730597691346","6036.090909090909","-1.1","1","2.1","5.0316163222997385","1102031.4","-2.75","1","3.75","8.517486071688591","556929001.5","-3","1","4","10.000000000043428","10000000001","NaN","NaN","NaN","NaN","NaN"
"318","oHdyUTlo1WSM1prVVZAqilcBsvO2","198","-KofpkZnLKa-Kde3BKGQ","1","1499679097828","2017-07-10","1700","2100","81","7","5","0","9","0","-0.28571","2.47619","2.76190","6.5290053960704","3624109443.7619","0","1.7142857142857142","1.7142857142857142","3.6734469362840714","10301.285714285714","-0.8","1.2","2","4.554166509608099","43240.6","NaN","NaN","NaN","NaN","NaN","-0.2222222222222222","3.7777777777777777","4","9.847128023938813","8456223334.111111","NaN","NaN","NaN","NaN","NaN"
"319","oHdyUTlo1WSM1prVVZAqilcBsvO2","198","-KpKV-dGXU5PIFlv0bST","2","1500378039238","2017-07-18","1650","2100","79","8","3","4","6","0","-0.76190","2.04762","2.80952","6.6027516982302","2910983744.8095","-0.625","1.25","1.875","3.774806386971206","11030.375","0.3333333333333333","2.3333333333333335","2","5.248647049233471","328219","-2.25","1.25","3.5","8.184375570686283","417396434","-0.5","3.5","4","9.995981856103155","9910000000.833334","NaN","NaN","NaN","NaN","NaN"
"320","oaNTpEvs4bMOPZxycCvmT6FKsVA3","199","-KYFTNS9CooUbVPWjxci","1","1480966374828","2016-12-05","2600","3700","71","5","12","9","11","0","-0.70270","2.43243","3.13514","7.4236591807694","3112785008.2432","-1","1","2","4.001270207585668","13194.4","0.5833333333333334","2.8333333333333335","2.25","5.656490241967734","17341596.166666668","-2.111111111111111","1.7777777777777777","3.888888888888889","8.532350638494506","551653352","-0.8181818181818182","3.1818181818181817","4","10.000000000043428","10000000001","NaN","NaN","NaN","NaN","NaN"
"321","oaNTpEvs4bMOPZxycCvmT6FKsVA3","199","-KYFl7bNCTb-3updd-aq","2","1480971290861","2016-12-05","2925","3300","89","6","9","12","6","0","-0.21212","2.84848","3.06061","6.9505048418668","1973813060.6970","-0.16666666666666666","1.6666666666666667","1.8333333333333333","3.8764424617305413","13630.166666666666","0.4444444444444444","2.4444444444444446","2","4.841479362828148","134585.33333333334","-0.5833333333333334","3.4166666666666665","4","8.54455756212567","427878162.3333333","-0.5","3.5","4","10.000000000043428","10000000001","NaN","NaN","NaN","NaN","NaN"
"335","s3Jp4WkB9GNgdE875Ny8nMlT4hf1","213","-KkLtKf5bX2GK0imN3xd","1","1495032748990","2017-05-17","3250","4000","82","10","10","11","9","0","-0.30000","2.62500","2.92500","6.7814958517366","2370920420.1250","0.1","2.1","2","4.111434681169453","15054.4","0.4","2.4","2","4.901496939663966","106503.6","-0.6363636363636364","3.090909090909091","3.727272727272727","8.284592532794598","439600110.54545456","-1.1111111111111112","2.888888888888889","4","10.000000000043428","10000000001","NaN","NaN","NaN","NaN","NaN"
"336","s3Jp4WkB9GNgdE875Ny8nMlT4hf1","213","-KkLt_0g10ApGkt05EjB","2","1495032811881","2017-05-17","3425","4000","86","16","10","8","6","0","-0.22500","2.40000","2.62500","5.9852763062922","1617705932.3500","0.3125","2.1875","1.875","3.8821526597881615","12210.5625","0.1","2.1","2","4.8579003098441955","85469.9","-0.875","3","3.875","8.589700824546634","588398402.5","-1.3333333333333333","2.6666666666666665","4","10.000000000043428","10000000001","NaN","NaN","NaN","NaN","NaN"
"337","s3Jp4WkB9GNgdE875Ny8nMlT4hf1","213","-KkLtyK2CVaV8KCAaXVv","3","1495032915527","2017-05-17","3325","4000","84","8","10","12","10","0","-0.62500","2.32500","2.95000","6.7662543355675","2460152121.0500","-0.375","1.5","1.875","3.857239118821676","13188.5","-0.2","1.7","1.9","4.17582335723565","45795.3","-0.75","2.9166666666666665","3.6666666666666665","8.211888767128778","442126781","-1.1","2.9","4","9.949136169422513","9310000000.9","NaN","NaN","NaN","NaN","NaN"
"338","s3Jp4WkB9GNgdE875Ny8nMlT4hf1","213","-KkLuJ6QKuGxMGxh_qLO","4","1495033004804","2017-05-17","3400","4000","85","10","9","9","12","0","-0.30000","2.67500","2.97500","6.8359627360567","2964369935.0750","-0.2","1.7","1.9","3.896510350052972","13304.9","0.2222222222222222","2.2222222222222223","2","4.425936317353243","55981.88888888889","-0.2222222222222222","3.5555555555555554","3.7777777777777777","8.328829041045815","420238945.1111111","-0.8333333333333334","3.1666666666666665","4","9.973376476345722","9566000834.25","NaN","NaN","NaN","NaN","NaN"
"339","s3Jp4WkB9GNgdE875Ny8nMlT4hf1","213","-KkLuazWyl0K9AmJtptE","5","1495033081348","2017-05-17","3275","3800","87","10","12","9","7","0","-0.39474","2.36842","2.76316","6.3708208427843","1681775953.6579","-0.2","1.8","2","4.052822229660195","14412.6","-0.25","1.8333333333333333","2.0833333333333335","4.968544313165384","691765.9166666666","-0.4444444444444444","3.111111111111111","3.5555555555555554","8.083034509852236","259892324","-0.8571428571428571","3.142857142857143","4","9.884732483220729","8794287143.714285","NaN","NaN","NaN","NaN","NaN"
"340","s3Jp4WkB9GNgdE875Ny8nMlT4hf1","213","-KkLuqdroAq8ztMHZBZO","6","1495033146232","2017-05-17","3400","4000","85","9","6","14","11","0","-0.50000","2.67500","3.17500","7.3534112814548","2849191212.3500","-0.2222222222222222","1.7777777777777777","2","4.163556938094633","18786","0","2","2","4.664208362650253","85219.16666666667","-0.6428571428571429","3.142857142857143","3.7857142857142856","8.483618869252377","424982721.14285713","-0.8181818181818182","3.1818181818181817","4","9.991684042718509","9819746364.454546","NaN","NaN","NaN","NaN","NaN"
"341","s3Jp4WkB9GNgdE875Ny8nMlT4hf1","213","-KkLvDEiPmT4lfdWxgOS","7","1495033242866","2017-05-17","3625","4000","91","10","12","11","7","0","0.27500","3.12500","2.85000","6.3609956887168","1831492119.5250","0.3","2.3","2","4.004040841317733","15124.3","0.6666666666666666","2.6666666666666665","2","4.419982071398082","63243.75","0.18181818181818182","4","3.8181818181818183","8.30542129803756","296252236.90909094","-0.2857142857142857","3.7142857142857144","4","10.000000000043428","10000000001","NaN","NaN","NaN","NaN","NaN"
"342","s3Jp4WkB9GNgdE875Ny8nMlT4hf1","213","-KkLvSzB0Jes5oUA0L9O","8","1495033307390","2017-05-17","3625","4000","91","13","9","10","8","0","0.32500","3.10000","2.77500","6.4640890930006","2102930679.0750","0.3076923076923077","2.230769230769231","1.9230769230769231","3.9992819703588958","14089.23076923077","0.6666666666666666","2.6666666666666665","2","4.908220142106193","142101.88888888888","0.4","4","3.6","8.239891682605654","411576507.8","-0.125","3.875","4","10.000000000043428","10000000001","NaN","NaN","NaN","NaN","NaN"
"343","s3Jp4WkB9GNgdE875Ny8nMlT4hf1","213","-KkLvo3rAHuIa7z9BF2F","9","1495033397809","2017-05-17","3500","4000","88","5","10","8","17","0","-0.25000","2.97500","3.22500","7.6343248465024","4306689077.2750","0","2","2","4.066057184869459","14843.2","0","2.2","2.2","4.9534042867158","21143226.4","-0.25","3.375","3.625","8.18858313348154","257007074.25","-0.47058823529411764","3.5294117647058822","4","10.000000000043428","10000000001","NaN","NaN","NaN","NaN","NaN"
"344","s3Jp4WkB9GNgdE875Ny8nMlT4hf1","213","-KkLw0PCZ4sBcELv-lm3","10","1495033452434","2017-05-17","3600","4000","90","9","11","9","11","0","0.10000","3.02500","2.92500","6.7882368325524","2651829525.0750","0","2","2","3.980799013191325","11993.111111111111","0.5454545454545454","2.6363636363636362","2.090909090909091","4.730308563227234","161942","0.1111111111111111","3.6666666666666665","3.5555555555555554","8.233377386776754","429697966","-0.2727272727272727","3.727272727272727","4","9.960771955171145","9291273637.181818","NaN","NaN","NaN","NaN","NaN"
"345","s3Jp4WkB9GNgdE875Ny8nMlT4hf1","213","-KkLwErDuaALi5F4QaeW","11","1495033511635","2017-05-17","3675","4000","92","8","11","9","12","0","-0.12500","2.87500","3.00000","6.9971843258677","2848789842.6000","0.25","2.25","2","4.142805136504608","16694.625","0.09090909090909091","2.1818181818181817","2.090909090909091","4.867068118398152","266365.7272727273","-0.1111111111111111","3.5555555555555554","3.6666666666666665","8.226462680130284","325391123.7777778","-0.5833333333333334","3.4166666666666665","4","9.93075154326005","9251667500.833334","NaN","NaN","NaN","NaN","NaN"
"346","s3Jp4WkB9GNgdE875Ny8nMlT4hf1","213","-KkLw_PoSYamCMUqO2Y-","12","1495033599927","2017-05-17","3650","4000","92","14","9","8","9","0","0.00000","2.80000","2.80000","6.3769821080028","2284510945.7500","0.2857142857142857","2.2857142857142856","2","3.8921122068516167","11459.857142857143","0.2222222222222222","2.3333333333333335","2.111111111111111","5.104139738709338","390147","-0.625","3","3.625","8.08155697192704","172095757.5","-0.1111111111111111","3.888888888888889","4","10.000000000043428","10000000001","NaN","NaN","NaN","NaN","NaN"
"347","s3Jp4WkB9GNgdE875Ny8nMlT4hf1","213","-KkLx1iBltDuNKN-QSNb","13","1495033719951","2017-05-17","3575","4000","90","13","8","13","6","0","-0.27500","2.57500","2.85000","6.5711572893125","1656877850.7000","0.07692307692307693","2.076923076923077","2","4.158747599100858","16100.307692307691","0.125","2.25","2.125","4.957257384368258","262242","-0.5384615384615384","3.076923076923077","3.6153846153846154","8.39419336222934","482523598.61538464","-1","3","4","10.000000000043428","10000000001","NaN","NaN","NaN","NaN","NaN"
"348","s3Jp4WkB9GNgdE875Ny8nMlT4hf1","213","-KkLxGfvLXzwqpL-fTC5","14","1495033781247","2017-05-17","3250","4000","82","7","8","12","13","0","-0.45000","2.70000","3.15000","7.3215400947233","3319684384.2500","0.14285714285714285","2.142857142857143","2","4.151441894097751","16610.428571428572","0.375","2.375","2","4.5251517145366","79273.5","-0.6666666666666666","3","3.6666666666666665","8.133358067782444","232218741.33333334","-1.0769230769230769","2.923076923076923","4","10.000000000043428","10000000001","NaN","NaN","NaN","NaN","NaN"
"349","s3Jp4WkB9GNgdE875Ny8nMlT4hf1","213","-KkLxWG1uXN3OVh0ew0u","15","1495033811215","2017-05-17","625","700","90","2","1","1","3","0","-0.14286","2.85714","3.00000","7.2191300923685","4323208437.0000","0.5","2","1.5","3.4586195372816877","12219.5","0","2","2","5.1979115499052515","157729","0","4","4","8.418760021980729","262276888","-0.6666666666666666","3.3333333333333335","4","10.000000000043428","10000000001","NaN","NaN","NaN","NaN","NaN"
"350","s3Jp4WkB9GNgdE875Ny8nMlT4hf1","213","-KkLxmeOh4aeiL-F_KAP","16","1495033908888","2017-05-17","2850","3500","82","7","9","6","13","0","-0.28571","2.77143","3.05714","7.2111231988277","3531982910.9143","0.42857142857142855","2.4285714285714284","2","4.103460107509748","16706.285714285714","0.5555555555555556","2.5555555555555554","2","4.80615392262579","141513.55555555556","-0.8333333333333334","3","3.8333333333333335","8.592869968168674","484333550.6666667","-1","3","4","9.911729699519752","9285539231.692308","NaN","NaN","NaN","NaN","NaN"
"356","tKkNei6f0AeKrUPE1P9zTDUa2Ni1","219","-KyMF8fS5yYrb2zC_qHG","1","1510071113390","2017-11-07","4200","4700","90","9","15","7","6","10","-0.12766","2.51064","2.63830","6.3961521563476","4801328554539655.0000","-0.1111111111111111","1.2222222222222223","1.3333333333333333","2.826319204251222","883.2222222222222","0.13333333333333333","2","1.8666666666666667","3.6449400219535093","9869.4","-0.14285714285714285","4.714285714285714","4.857142857142857","13.455889380212435","31950348717045700","-0.16666666666666666","4","4.166666666666667","11.000000014548869","335000170000001","-0.5","2","2.5","6.031695243199193","2388792"
"357","tKkNei6f0AeKrUPE1P9zTDUa2Ni1","219","-KyQn-0Bm9MzOuRD84PW","2","1510147359191","2017-11-08","4475","4900","92","13","6","12","10","8","-0.18367","2.77551","2.95918","6.8778372765706","1261585835236452.5000","-0.23076923076923078","1.4615384615384615","1.6923076923076923","3.029447779361332","1179","0","1.8333333333333333","1.8333333333333333","3.6774505389993943","6927.333333333333","-0.08333333333333333","4.416666666666667","4.5","11.367720906092485","5142800390153363","-0.2","3.7","3.9","9.44771359094609","10410124000000.9","-0.375","2","2.375","5.584589425462124","586114"
"358","tQ6R6WbBcoQMuRGQgSEKhPVflxh2","220","-KYGwCaGLkI3bOk-Y02k","1","1480990987084","2016-12-06","725","900","81","3","1","0","5","0","-0.11111","3.00000","3.11111","7.4325469735484","5555571866.7778","-1","1","2","3.950510025520188","12265.333333333334","2","4","2","5.0413926851582245","110000","NaN","NaN","NaN","NaN","NaN","0","4","4","10.000000000043428","10000000001","NaN","NaN","NaN","NaN","NaN"
"359","tQ6R6WbBcoQMuRGQgSEKhPVflxh2","220","-KYGwYiX88lTpcf7ymiy","2","1480991077644","2016-12-06","1175","1600","74","8","4","2","2","0","-0.43750","2.06250","2.50000","5.4962480004609","1338456358.3125","-0.375","1.625","2","4.072842253512363","15604.25","-0.5","1.5","2","4.414494334406513","36328.25","-2","2","4","8.849626320781304","707515792","1","5","4","10.000000000043428","10000000001","NaN","NaN","NaN","NaN","NaN"
"360","tQ6R6WbBcoQMuRGQgSEKhPVflxh2","220","-Kb2PxtCNp7eMdho6XhT","3","1485042389837","2017-01-21","1200","1700","71","4","3","7","3","0","-0.94118","2.05882","3.00000","7.0219741027077","2102260002.5294","-0.75","1","1.75","3.82498618469597","14758","-0.3333333333333333","1.6666666666666667","2","4.360700559062834","40951.333333333336","-2","1.7142857142857142","3.7142857142857144","8.713073332846928","819748307.7142857","0.6666666666666666","4.666666666666667","4","10.000000000043428","10000000001","NaN","NaN","NaN","NaN","NaN"
"361","tQ6R6WbBcoQMuRGQgSEKhPVflxh2","220","-Kb2QGaNY_26a_Wr9x9O","4","1485042471531","2017-01-21","1450","1800","81","4","4","2","8","0","-0.11111","3.00000","3.11111","7.3472493206180","3812332788.8889","-0.75","1.25","2","4.222313168348227","19408","-0.25","1.75","2","4.718965511933547","66345","-1.5","2.5","4","8.715868759340538","766818591","0.625","4.625","4","9.8817044414144","8386001250.75","NaN","NaN","NaN","NaN","NaN"
"362","tQ6R6WbBcoQMuRGQgSEKhPVflxh2","220","-Kb2QaaSFCZNSXI5rDt7","5","1485042556506","2017-01-21","2975","3300","91","8","13","4","8","0","-0.15152","2.45455","2.60606","6.1896507343373","2471496136.1515","-0.5","1.375","1.875","4.117960246399777","18137.25","-0.23076923076923078","1.6923076923076923","1.9230769230769231","4.465071032965013","55635.307692307695","0.5","4","3.5","8.31721720826014","389626032","0","4","4","10.000000000043428","10000000001","NaN","NaN","NaN","NaN","NaN"
"363","tQ6R6WbBcoQMuRGQgSEKhPVflxh2","220","-Kb2Qu3aXiGWrU0JKW05","6","1485042636700","2017-01-21","3425","3700","93","7","13","5","12","0","0.13514","3.00000","2.86486","6.7726865213221","3069544029.4324","-0.2857142857142857","1.7142857142857142","2","4.094959260583076","15198.142857142857","0.46153846153846156","2.4615384615384617","2","4.860704131024475","149023.46153846153","0.2","3.8","3.6","7.947105683623593","514215077.2","0","4","4","9.916667028616734","9250000834.25","NaN","NaN","NaN","NaN","NaN"
"364","tQ6R6WbBcoQMuRGQgSEKhPVflxh2","220","-Kb2REOhJH8of4ozu9EY","7","1485042723855","2017-01-21","3100","3400","92","2","9","11","12","0","0.05882","3.41176","3.35294","7.9368371042961","3410582218.6765","0.5","2.5","2","4.237806847484267","17466.5","0.1111111111111111","2.3333333333333335","2.2222222222222223","5.511848138409778","12547470.777777778","0.18181818181818182","4","3.8181818181818183","8.433655478364399","440620295.8181818","-0.16666666666666666","3.8333333333333335","4","9.916667028616734","9250000834.25","NaN","NaN","NaN","NaN","NaN"
"365","tQ6R6WbBcoQMuRGQgSEKhPVflxh2","220","-Kb2RUCuQw91AOVFq0lT","8","1485042788831","2017-01-21","2625","2900","91","6","10","6","7","0","0.24138","3.06897","2.82759","6.6703929449848","2476235571.9310","-0.3333333333333333","1.6666666666666667","2","4.308684140446621","20564.166666666668","0.7","2.7","2","5.015391216851421","231027","0.3333333333333333","4","3.6666666666666665","7.905896398843516","301399654","0","4","4","10.000000000043428","10000000001","NaN","NaN","NaN","NaN","NaN"
"370","u3se7jQB1mdKtDqQRoeE0jIvPwL2","224","-KkLtQGpokfrwGg-HnfN","1","1495032771642","2017-05-17","2025","2900","70","10","7","5","7","0","-1.20690","1.55172","2.75862","6.1753513545515","2215477279.2414","-0.9","1","1.9","3.8093561467863672","10711.2","-1","1","2","4.382366952588422","43545.142857142855","-1.8","2","3.8","8.164739490383138","229685832.8","-1.4285714285714286","2.5714285714285716","4","9.927337384870693","9014285715.142857","NaN","NaN","NaN","NaN","NaN"
"371","u3se7jQB1mdKtDqQRoeE0jIvPwL2","224","-KkLuINx9QFKpyOp0VDU","2","1495033001620","2017-05-17","2925","4000","74","13","12","11","4","0","-0.87500","1.87500","2.75000","6.0853809508745","1129083853.4500","-0.5384615384615384","1.4615384615384615","2","4.029603804074343","13446","-0.5833333333333334","1.5833333333333333","2.1666666666666665","4.952453135803119","402019.5","-1.5454545454545454","2.272727272727273","3.8181818181818183","8.327359177473008","468941372.90909094","-1","3","4","10.000000000043428","10000000001","NaN","NaN","NaN","NaN","NaN"
"372","uAJ4nRUy0KN4fCFdv3C0qzvv04M2","225","-KYFaxKbb0zqTbfQSrVC","1","1480968622286","2016-12-05","2450","2900","85","6","10","8","5","0","-0.41379","2.34483","2.75862","6.4746648158615","1810154987.8966","-0.6666666666666666","1.1666666666666667","1.8333333333333333","3.8187842036505457","11099","-0.1","1.9","2","4.922610186130079","164076.8","-0.625","3","3.625","8.203309072070395","311598410.25","-0.4","3.6","4","10.000000000043428","10000000001","NaN","NaN","NaN","NaN","NaN"
"373","uAJ4nRUy0KN4fCFdv3C0qzvv04M2","225","-KYFbB3vQnu-bWT-rtfS","2","1480968682835","2016-12-05","1850","2400","78","7","7","5","5","0","-0.50000","2.33333","2.83333","6.5423467148210","2302748509.3750","-0.42857142857142855","1.4285714285714286","1.8571428571428572","3.9795743150336826","14722.857142857143","-0.42857142857142855","1.7142857142857142","2.142857142857143","4.910736292633826","1483104.5714285714","-1.4","2.6","4","8.956829380362866","1051095885.6","0.2","4.2","4","10.000000000043428","10000000001","NaN","NaN","NaN","NaN","NaN"
"374","uAJ4nRUy0KN4fCFdv3C0qzvv04M2","225","-KYFbPm6g_Op6JzxDgzw","3","1480968744101","2016-12-05","2300","2700","86","7","4","5","11","0","-0.51852","2.59259","3.11111","7.3745923476155","4052877873.5556","-0.8571428571428571","1","1.8571428571428572","3.9483572759976364","16040.714285714286","-0.75","1.25","2","4.7918909459810415","68682.25","0","3.8","3.8","8.488921161831264","425463112.4","-0.45454545454545453","3.5454545454545454","4","9.987574805504977","9754545455.454546","NaN","NaN","NaN","NaN","NaN"
"375","uAJ4nRUy0KN4fCFdv3C0qzvv04M2","225","-KYFc_kP9C69Kx8TIdgc","4","1480969048508","2016-12-05","1825","2400","77","8","2","4","10","0","-0.95833","2.20833","3.16667","7.2824239838770","3772022114.8750","-0.875","1.125","2","3.9172053054251244","10210","-1","1","2","4.723063987291967","54520.5","-1.75","2.25","4","8.695762418628293","545085007","-0.7","3.3","4","9.92113555205493","8834800000.8","NaN","NaN","NaN","NaN","NaN"
"376","uAJ4nRUy0KN4fCFdv3C0qzvv04M2","225","-KYFcfW0V1epU7Aiucms","5","1480969074973","2016-12-05","2075","4000","52","11","8","12","9","0","-1.92500","1.05000","2.97500","6.7420436776693","2077610649.7250","-0.9090909090909091","1.0909090909090908","2","3.9910945568524454","12682.636363636364","-1.125","1","2.125","5.071446130743834","1408243","-2.5833333333333335","1.0833333333333333","3.6666666666666665","8.017344466014487","174417544","-3","1","4","9.888889371474503","9000001112","NaN","NaN","NaN","NaN","NaN"
"383","wdFXe6xEBreXiuKyyTRJXYb3fuw2","232","-KYF1uWflgBwAPrUue0e","1","1480959173489","2016-12-05","2225","3000","75","8","10","6","6","0","-0.63333","2.06667","2.70000","6.2541351430243","1514531339.5000","-0.375","1.625","2","4.2134480118522974","17838.25","0.5","2.5","2","4.660350324156036","95694.3","-2.1666666666666665","1.3333333333333333","3.5","8.136933486236675","222471755.33333334","-1.3333333333333333","2.6666666666666665","4","9.748561006155182","7350001667.333333","NaN","NaN","NaN","NaN","NaN"
"384","wdFXe6xEBreXiuKyyTRJXYb3fuw2","232","-KYFhIvwDhcM91ZOatYs","2","1480970288644","2016-12-05","2750","3200","86","9","9","7","7","0","-0.06250","2.75000","2.81250","6.6850851991811","2226574334.4375","-0.2222222222222222","1.7777777777777777","2","4.194853289630342","17424","0.6666666666666666","2.888888888888889","2.2222222222222223","5.498627531185976","14823041.444444444","-0.5714285714285714","2.857142857142857","3.4285714285714284","8.097342712306192","159544929.42857143","-0.2857142857142857","3.7142857142857144","4","10.000000000043428","10000000001","NaN","NaN","NaN","NaN","NaN"
"385","wdFXe6xEBreXiuKyyTRJXYb3fuw2","232","-KYFhn81q3aCQBb4d4aZ","3","1480970415804","2016-12-05","2875","3300","88","7","7","11","8","0","-0.15152","2.90909","3.06061","7.0086703931466","2319658096.3636","0.2857142857142857","2.2857142857142856","2","4.021017531260872","11837.57142857143","0.42857142857142855","2.4285714285714284","2","4.425373550265786","103073.14285714286","-0.7272727272727273","3","3.727272727272727","8.45885806452968","477082072.54545456","-0.25","3.75","4","9.889243336665597","8912501250.875","NaN","NaN","NaN","NaN","NaN"
"386","wdFXe6xEBreXiuKyyTRJXYb3fuw2","232","-KYFiAHHvN3H2VXrMvSD","4","1480970514653","2016-12-05","3150","3500","90","8","11","7","9","0","-0.11429","2.68571","2.80000","6.5967583992307","2413877067.3714","-0.125","1.875","2","4.220120470894619","18152.875","0.45454545454545453","2.4545454545454546","2","4.780043852066315","9166697.636363637","-0.5714285714285714","2.857142857142857","3.4285714285714284","7.857286424630621","174959779.14285713","-0.4444444444444444","3.5555555555555554","4","9.949343651196976","9240000000.777779","NaN","NaN","NaN","NaN","NaN"
"387","wdFXe6xEBreXiuKyyTRJXYb3fuw2","232","-KYFieClhRfgKAhiu8Re","5","1480970642356","2016-12-05","3500","4000","88","7","12","9","12","0","-0.20000","2.80000","3.00000","6.9946647750460","2638522477.1500","0.14285714285714285","2.142857142857143","2","4.214826902350334","17234.714285714286","0.3333333333333333","2.4166666666666665","2.0833333333333335","4.846146664863405","701931.0833333334","-0.6666666666666666","3","3.6666666666666665","8.16593133653207","217815029.1111111","-0.5833333333333334","3.4166666666666665","4","9.886305056519781","8631001667.333334","NaN","NaN","NaN","NaN","NaN"
"388","wdFXe6xEBreXiuKyyTRJXYb3fuw2","232","-KYFj6T0Dy6XjQFZIMVU","6","1480970761401","2016-12-05","3350","3800","89","8","11","11","8","0","0.00000","2.94737","2.94737","6.8230542975916","2093042499.3947","0.5","2.5","2","4.092217285704246","14735.875","0.45454545454545453","2.5454545454545454","2.090909090909091","4.930597230144492","282246.45454545453","-0.5454545454545454","3.1818181818181817","3.727272727272727","8.416523787689469","389490215.6363636","-0.375","3.625","4","9.96499922833395","9406000000.875","NaN","NaN","NaN","NaN","NaN"
"389","wdFXe6xEBreXiuKyyTRJXYb3fuw2","232","-KYFjdoO93rTr5rMalI4","7","1480970902582","2016-12-05","2625","3000","88","7","10","8","5","0","-0.16667","2.60000","2.76667","6.3244796906571","1715145361.0333","-0.14285714285714285","1.8571428571428572","2","4.035799971704665","13741.42857142857","0.4","2.4","2","4.579805428107437","105424.7","-0.875","2.75","3.625","8.220963221904853","396650048.75","-0.2","3.8","4","9.983606172293705","9656002000.8","NaN","NaN","NaN","NaN","NaN"
"390","wdFXe6xEBreXiuKyyTRJXYb3fuw2","232","-KYFjuJYDZ49t7pnodEo","8","1480970969269","2016-12-05","1700","1800","95","5","6","1","6","0","-0.11111","2.66667","2.77778","6.3362271627979","2961613262.8333","0","2","2","3.9317457635301016","10282.4","0","2","2","4.461271715297712","61878.333333333336","-1","3","4","8.123904027436497","133016044","-0.16666666666666666","3.8333333333333335","4","9.916970965581582","8862600000.833334","NaN","NaN","NaN","NaN","NaN"
"391","wdFXe6xEBreXiuKyyTRJXYb3fuw2","232","-KYFkPs85UMJPEaRfFOT","9","1480971101627","2016-12-05","2225","2600","86","7","11","5","3","0","0.19231","2.80769","2.61538","6.0221265820161","1270347662.1538","0.42857142857142855","2.4285714285714284","2","4.302493124402791","21063.14285714286","0.6363636363636364","2.6363636363636362","2","4.7890899836624845","88219.18181818182","-1","3","4","8.75556988823622","605584272","0","4","4","10.000000000043428","10000000001","NaN","NaN","NaN","NaN","NaN"
"392","wdFXe6xEBreXiuKyyTRJXYb3fuw2","232","-KYFkvRFxGXVOT_CeCDP","10","1480971214992","2016-12-05","750","900","84","1","1","4","3","0","-0.66667","2.88889","3.55556","8.1731531862079","2683805066.3333","0","2","2","4.253192569878443","17914","0","2","2","5.588561886704794","387759","-1","3","4","8.582308598215583","428459980.5","-0.6666666666666666","3.3333333333333335","4","9.795796608808528","7480000000.666667","NaN","NaN","NaN","NaN","NaN"
"393","wdFXe6xEBreXiuKyyTRJXYb3fuw2","232","-KYFlCV6UT9GOelKcfHQ","11","1480971308476","2016-12-05","1125","1200","94","3","2","5","2","0","-0.25000","2.91667","3.16667","7.2286328948991","1976756008.7500","0","2","2","4.350530819380828","22724.333333333332","0","2","2","4.947231716313675","110487","-0.6","3.4","4","8.759507769586389","744156591.2","0","4","4","10.000000000043428","10000000001","NaN","NaN","NaN","NaN","NaN"
"394","wdFXe6xEBreXiuKyyTRJXYb3fuw2","232","-KYFmJHN4-y8OWJjBACv","12","1480971575812","2016-12-05","925","1000","93","1","4","1","4","0","0.30000","3.20000","2.90000","7.2321594304200","4005910354.3000","1","3","2","3.7237018939912674","5293","0.25","2.25","2","5.208734588869582","290376.5","1","4","3","7.7629540545570315","57936740","0","4","4","10.000000000043428","10000000001","NaN","NaN","NaN","NaN","NaN"
"395","wdFXe6xEBreXiuKyyTRJXYb3fuw2","232","-KYFoAPM17_BXaGNhH9U","13","1480972087751","2016-12-05","825","900","92","3","5","0","1","0","0.33333","2.55556","2.22222","5.0801745746024","1111180077.0000","0","2","2","4.238420779847854","19015","0.6","2.6","2","4.60126176636687","112729.4","NaN","NaN","NaN","NaN","NaN","0","4","4","10.000000000043428","10000000001","NaN","NaN","NaN","NaN","NaN"
"396","wdFXe6xEBreXiuKyyTRJXYb3fuw2","232","-KYFoaBHiZaNbSkf2XXr","14","1480972183764","2016-12-05","1300","1400","93","4","2","5","3","0","0.28571","3.14286","2.85714","6.6542710695850","1672455823.7857","0.25","2","1.75","3.3044472174288897","9452.75","0","2","2","4.810266530066925","64610","0.6","4","3.4","8.233033248952008","396202900","0","4","4","9.718768933193642","7144400000.666667","NaN","NaN","NaN","NaN","NaN"
"397","wdFXe6xEBreXiuKyyTRJXYb3fuw2","232","-KYIKvFzkchh-7FZaUMe","15","1481014469837","2016-12-06","1375","1400","99","2","3","1","8","0","0.07143","3.28571","3.21429","7.7766885690654","5243867658.0000","0","2","2","4.376846573316254","24001","0","2","2","4.480734775497205","31611","1","4","3","7.146263576445719","14004370","0","4","4","9.941434864668281","9175000000.875","NaN","NaN","NaN","NaN","NaN"
"398","wdFXe6xEBreXiuKyyTRJXYb3fuw2","232","-KYILGnX1atfYAZGny28","16","1481014572859","2016-12-06","1175","1400","84","4","2","8","0","0","-0.21429","2.85714","3.07143","6.5865343494696","254441368.0000","-0.25","1.75","2","3.9160717405004144","12676.25","1","3","2","4.558792973837623","39728.5","-0.5","3.375","3.875","8.428700997862265","445256123.75","NaN","NaN","NaN","NaN","NaN","NaN","NaN","NaN","NaN","NaN"
"402","xIalT9WMsTZFz0OvaFeYQNkfW0g1","235","-KgsujkaGi0Xtv_puKOI","1","1491308575475","2017-04-04","1900","2400","80","7","10","3","4","0","0.00000","2.54167","2.54167","5.8005194422792","1692662267.9167","-0.14285714285714285","1.8571428571428572","2","4.133341886305097","16865.571428571428","0.8","2.8","2","4.596111582897566","79045.9","-1.6666666666666667","2","3.6666666666666665","8.105985860471813","207661969.33333334","-0.5","3.5","4","10.000000000043428","10000000001","NaN","NaN","NaN","NaN","NaN"
"403","xIalT9WMsTZFz0OvaFeYQNkfW0g1","235","-Kgsv6g51mGTfbWljg86","2","1491308673703","2017-04-04","2550","3800","68","5","14","8","11","0","-1.26316","1.68421","2.94737","6.8607847987858","3015534943.3421","-0.6","1.4","2","3.973878605722369","10321.8","-0.7142857142857143","1.2857142857142858","2","4.546412027719533","93964.35714285714","-2.375","1.375","3.75","8.398832617087361","573620090.75","-1.4545454545454546","2.5454545454545454","4","10.000000000043428","10000000001","NaN","NaN","NaN","NaN","NaN"
"408","y8v1ZJCwBAhFj2mLjskRcGOKUc92","240","-Ko8EPA8GR2R-dS7-k0W","1","1499098679662","2017-07-03","2825","3500","81","11","8","6","10","0","-0.37143","2.48571","2.85714","6.5165214875373","2690828769.7714","-0.5454545454545454","1.4545454545454546","2","4.007290719655428","13820","0","1.875","1.875","4.2259279273917985","44896.375","-0.3333333333333333","3.5","3.8333333333333335","8.518574310485949","496414290.3333333","-0.5","3.5","4","9.907918486554408","9120001000.9","NaN","NaN","NaN","NaN","NaN"
"409","y8v1ZJCwBAhFj2mLjskRcGOKUc92","240","-Ko8EzRwW3pkultHkqoU","2","1499098831457","2017-07-03","1050","1500","70","8","5","1","1","0","-0.40000","1.86667","2.26667","4.9794951866705","690212146.8000","-1","1","2","4.274946565441416","19482.625","0.8","2.8","2","4.3890658324034915","45668","-3","1","4","8.547526114465944","352798000","1","5","4","10.000000000043428","10000000001","NaN","NaN","NaN","NaN","NaN"
"416","zfvcOKxX1ieZxdvxwBACbbTwZaM2","245","-KYFcp72GAzGaXQJH1Um","1","1480969114181","2016-12-05","3125","4000","79","8","4","12","16","0","-0.42500","3.00000","3.42500","7.9750862273986","4348708325.5750","1","3","2","3.8610897777333846","10645.625","0","3","3","7.175720515857911","2504382040.5","-0.75","3","3.75","8.284320734162632","327559973.3333333","-1","3","4","10.000000000043428","10000000001","NaN","NaN","NaN","NaN","NaN"
"417","zfvcOKxX1ieZxdvxwBACbbTwZaM2","245","-KYFcwC51WnysyKyJem1","2","1480969143213","2016-12-05","3200","4000","80","11","11","9","9","0","-0.80000","2.00000","2.80000","6.4914338028278","2244007057.4750","0","2","2","4.111111347684737","14065.454545454546","-0.09090909090909091","2","2.090909090909091","4.988977365388127","258761.72727272726","-1.4444444444444444","2","3.4444444444444446","7.737593934185579","164141243.55555555","-2","2","4","9.990892317960249","9808890000.88889","NaN","NaN","NaN","NaN","NaN"
